Channel,Watch time,Stream time,Peak viewers,Average viewers,Followers,Followers gained,Views gained,Partnered,Mature,Language
xQcOW,14643816405,223050,167224,65652,5832736,2795156,212704288,TRUE,FALSE,English
Gaules,9310487205,518580,387315,17953,2767576,1244103,158935550,TRUE,TRUE,Portuguese
auronplay,5865123615,59205,294791,99064,8816192,5610215,118312586,TRUE,FALSE,Spanish
ibai,5792555370,95520,1512479,60642,6275848,5011824,172723748,TRUE,FALSE,Spanish
NICKMERCS,5698598235,115020,371609,49544,5778143,2175740,76468327,TRUE,FALSE,English
summit1g,5402059785,212190,104674,25458,5924343,573281,76779719,TRUE,FALSE,English
loltyler1,5071412505,164565,105499,30817,4336860,1004253,82733497,TRUE,FALSE,English
HasanAbi,4742397330,221640,226974,21396,1287345,929959,55425801,TRUE,FALSE,English
shroud,4418745210,126390,471281,34961,9271696,2032269,118537408,TRUE,FALSE,English
Rubius,4332157995,70500,344676,61449,9245913,4400088,118196869,TRUE,FALSE,Spanish
ESL_CSGO,4259771145,521040,244078,8175,4751323,806681,127762482,TRUE,FALSE,English
TimTheTatman,3773793180,107415,335403,35132,6630814,1714537,57599818,TRUE,TRUE,English
TheGrefg,3626458140,82350,2298485,44037,7455906,4462020,110910036,TRUE,FALSE,Spanish
juansguarnizo,3622674075,148500,140500,24395,4238126,3512678,70585452,TRUE,FALSE,Spanish
ludwig,3601421790,145980,150360,24670,2766363,2392969,75215076,TRUE,FALSE,English
Asmongold,3446738775,79695,187953,43249,2012001,582108,58671235,TRUE,FALSE,English
Trymacs,3436299060,128685,293900,26703,2549396,1084497,57386694,TRUE,FALSE,German
sodapoppin,3384123750,162690,107432,20801,3031882,300864,48678664,TRUE,TRUE,English
Sykkuno,3245707740,109875,104187,29540,3468296,3238419,61327044,TRUE,FALSE,English
RocketLeague,3234895080,54120,204724,59772,3177439,1821131,124793901,TRUE,FALSE,English
Riot Games (riotgames),3149895930,92880,654205,33913,5142452,631916,59086020,TRUE,FALSE,English
LCK_Korea,3139472625,59580,349104,52693,927811,355613,117888650,TRUE,FALSE,Korean
Fextralife,2994214785,172620,40516,17345,577290,88341,650068640,TRUE,FALSE,English
ROSHTEIN,2857324710,195570,36212,14610,582767,239509,33620008,FALSE,TRUE,English
LIRIK,2834493615,127530,75174,22226,2791513,170925,43011852,TRUE,FALSE,English
fps_shaka,2820658125,224835,60136,12545,551292,291543,46259228,TRUE,FALSE,Japanese
loud_coringa,2818415040,58410,308169,48252,1941854,1845210,20820662,TRUE,FALSE,Portuguese
RanbooLive,2778137850,48375,346132,57429,2967808,2923621,42161406,TRUE,FALSE,English
alanzoka,2767394880,106080,139777,26087,4894927,1857060,65162146,TRUE,FALSE,Portuguese
풍월량 (hanryang1125),2538633150,177120,44351,14332,543600,66583,41291420,TRUE,FALSE,Korean
LVNDMARK,2529876015,236940,142160,10677,562410,432964,30779851,TRUE,FALSE,English
Mizkif,2514347700,147915,137191,16998,1395014,915812,42653804,TRUE,FALSE,English
LEC,2391890745,58170,388794,41118,1397763,584829,43544290,TRUE,FALSE,English
TheRealKnossi,2367030900,54150,328945,43712,1685049,778517,32534719,TRUE,TRUE,German
Dota2RuHub,2359091985,190680,103238,12371,853742,125600,71922201,TRUE,FALSE,Russian
Tfue,2353611540,143160,103344,16440,10397635,1975972,60779248,TRUE,FALSE,English
CohhCarnage,2300092995,194370,66023,11833,1360740,119074,37991366,TRUE,FALSE,English
LCS,2276704500,55605,241509,40944,1515981,504843,43367717,TRUE,FALSE,English
Clix,2239173210,87930,95282,25465,3940947,2609889,70450911,TRUE,FALSE,English
YoDa,2239011600,140370,132814,15950,2078982,377700,49102329,TRUE,TRUE,Portuguese
dota2mc_ru,2211494715,125640,139882,17601,608939,173743,70197946,TRUE,FALSE,Russian
Symfuhny,2184971940,170565,46532,12810,3275839,1259053,37457297,TRUE,TRUE,English
MontanaBlack88,2182134975,49620,204811,43976,3903884,1243537,39568902,TRUE,TRUE,German
Castro_1021,2156600235,94080,163910,22923,2965374,594995,26419876,TRUE,FALSE,English
Swagg,2103628545,129975,96388,16184,1675142,1120930,28286978,TRUE,FALSE,English
MOONMOON,2091918750,121845,42517,17168,1077848,183550,18020423,TRUE,TRUE,English
stylishnoob4,2091215880,138960,81509,15049,568728,249709,39376401,TRUE,FALSE,Japanese
Quin69,2067057165,193140,44153,10702,602297,86323,24757174,TRUE,TRUE,English
Tubbo,2041937445,55605,311551,36722,3739293,3670755,46559001,TRUE,FALSE,English
AdinRoss,2019802515,79425,254923,25430,4023352,3912696,21867615,TRUE,FALSE,English
한동숙 (handongsuk),1997290785,179175,35382,11147,417623,49576,44034651,TRUE,FALSE,Korean
csgomc_ru,1947510255,107565,230820,18105,889544,454622,64439970,TRUE,FALSE,Russian
tommyinnit,1939779330,24210,650237,80123,5573968,5395983,48536800,TRUE,FALSE,English
CBLOL,1932598170,50790,255542,38050,1279439,414780,41180878,TRUE,FALSE,Portuguese
DrLupo,1925053440,172740,131048,11144,4450520,454820,49670652,TRUE,FALSE,English
Papaplatte,1857247455,115560,66453,16071,1466481,686399,38972971,TRUE,FALSE,German
NOBRU,1847277645,85140,293803,21696,3202677,2357426,17277279,TRUE,FALSE,Portuguese
Rainbow6,1826077980,98745,133159,18492,1994037,581688,31901959,TRUE,TRUE,English
Cellbit,1802630205,105420,128689,17099,2077174,928443,38506408,TRUE,FALSE,Portuguese
Pestily,1777351575,125070,226470,14210,896168,385144,24946489,TRUE,FALSE,English
GMHikaru,1736161215,121140,80730,14331,1244382,912468,94710815,TRUE,FALSE,English
Trainwreckstv,1716404400,129210,82731,13283,1393471,744359,27432211,TRUE,TRUE,English
Elraenn,1678010235,56850,103108,29516,2307621,1223359,44136622,TRUE,TRUE,Turkish
forsen,1648862190,112905,56262,14603,1534496,244826,25214659,TRUE,TRUE,English
NoWay4u_Sir,1605939705,157830,39459,10175,454257,85088,25537820,TRUE,FALSE,German
GamesDoneQuick,1597783035,101445,141291,15750,1795486,101206,46584389,TRUE,FALSE,English
Gotaga,1588809060,121650,111251,13060,2964089,633464,40287680,TRUE,FALSE,French
JLTomy,1585841835,114585,62079,13839,661008,296757,19899972,TRUE,FALSE,French
buddha,1534133205,189570,68818,8092,563799,316621,21881154,TRUE,TRUE,English
BLASTPremier,1509897750,35970,208744,41976,948580,537812,48730241,TRUE,FALSE,English
TSM_ImperialHal,1500285465,140850,56511,10651,855602,627955,28368255,TRUE,FALSE,English
SilverName,1496021820,113640,27680,13164,695008,121171,36702151,TRUE,FALSE,Russian
pokimane,1484340690,63975,138482,23201,7891135,2966232,67773740,TRUE,FALSE,English
Baiano,1477720425,90090,130745,16402,648911,330689,32599129,TRUE,TRUE,Portuguese
LCK,1477100025,35835,212049,41219,1139660,326944,32953023,TRUE,FALSE,English
Kamet0,1452481515,201585,85696,7205,866551,355152,36637687,TRUE,FALSE,French
SmiteGame,1437326430,368415,79597,3901,619334,108636,21949515,TRUE,FALSE,English
AdmiralBahroo,1406118585,144030,37443,9762,827230,58793,15163494,TRUE,FALSE,English
Jelty,1388559885,138150,68500,10051,1807271,1670702,36529164,TRUE,FALSE,Spanish
RatedEpicz,1387907595,190095,59755,7301,410127,284537,21356655,TRUE,TRUE,English
benjyfishy,1362618315,54945,114724,24799,3424787,2437249,57487679,TRUE,FALSE,English
Gorgc,1343017185,127035,29540,10572,460143,88789,22281294,TRUE,TRUE,English
BeyondTheSummit,1328878455,523140,65878,2540,985200,83958,36777391,TRUE,FALSE,English
Solary,1326858630,498540,18287,2661,547333,68488,38646744,TRUE,FALSE,French
HusKerrs,1325316135,148125,40039,8947,802237,602094,22561572,TRUE,FALSE,English
Ninja,1296092805,82320,110102,15744,16740843,1934442,58219910,TRUE,FALSE,English
FolagorLives,1290464775,156165,41580,8263,1233241,563254,25288504,TRUE,FALSE,Spanish
ZanoXVII,1284877965,101775,145938,12624,1138620,673497,13338235,TRUE,FALSE,Italian
LVPes,1280028735,96885,95207,13211,739098,196668,57706472,TRUE,FALSE,Spanish
Reborn_Live,1276756560,81285,113707,15707,1597800,1238419,31618461,TRUE,TRUE,Spanish
moistcr1tikal,1276273500,123750,59872,10313,2780303,1848506,28192879,TRUE,FALSE,English
elded,1263970680,135360,40654,9337,4074881,1836829,27991331,TRUE,FALSE,Spanish
Amar,1260177090,102930,182305,12243,1071595,598611,27679718,TRUE,FALSE,German
EsfandTV,1249402905,212490,43404,5879,830291,402190,26540090,TRUE,FALSE,English
otplol_,1247409990,161475,290837,7725,322519,284115,33135058,TRUE,FALSE,French
서새봄냥 (saddummy),1243186620,207810,35474,5982,633723,69118,36606639,TRUE,FALSE,Korean
OgamingLoL,1219713345,391905,134521,3112,539345,39367,56470597,TRUE,FALSE,French
Philza,1219576590,54780,150599,22263,2980828,2480796,29564262,TRUE,FALSE,English
Sardoche,1217689980,159120,46450,7652,994434,309659,31280054,TRUE,FALSE,French
buster,1216352745,51300,114596,23710,1832974,1066259,56128222,TRUE,FALSE,Russian
Myth,1207640205,123255,105816,9797,7225193,660159,46026549,TRUE,FALSE,English
Hiko,1193365365,75105,42136,15889,1468265,734069,32781538,TRUE,FALSE,English
Brawlhalla,1191085395,35970,162409,33113,1158327,775829,16643676,TRUE,FALSE,English
Amouranth,1184605440,216870,27539,5462,3030373,1455190,111235855,TRUE,FALSE,English
GRONKH,1177827030,67515,50517,17445,1341507,162493,16301227,TRUE,TRUE,German
KendineMuzisyen,1175903190,64635,92142,18192,2024503,753548,39052014,TRUE,FALSE,Turkish
dasMEHDI,1172746035,246810,47683,4751,385158,99165,9846855,TRUE,TRUE,English
Ponce,1170814260,147900,48193,7916,537799,343035,29742958,TRUE,TRUE,French
Stray228,1170477885,113820,26548,10283,955750,219002,27170536,TRUE,FALSE,Russian
ZeratoR,1169664150,88350,318182,13238,1098719,248929,34515723,TRUE,TRUE,French
Aydan,1166540820,160800,50693,7254,2350427,699920,19302646,TRUE,TRUE,English
lestream,1159147515,209160,60033,5541,966400,92789,37904938,TRUE,FALSE,French
nl_Kripp,1154894625,148575,36027,7773,1387657,14893,14452126,TRUE,FALSE,English
加藤純一です (kato_junichi0817),1150583175,64965,82055,17710,331875,316725,14022272,TRUE,FALSE,Japanese
Maximilian_DOOD,1126195890,108360,43253,10393,938667,126281,16203240,TRUE,FALSE,English
coscu,1111477020,87510,393619,12701,2812594,1308376,35853668,TRUE,FALSE,Spanish
Perxitaa,1107225930,82290,77009,13455,1845760,1425443,29763187,TRUE,FALSE,Spanish
Nmplol,1099947420,76365,157843,14403,792428,354413,19121002,TRUE,FALSE,English
sneakylol,1098235035,199110,21660,5515,1709643,73913,16923988,TRUE,FALSE,English
ShivFPS,1089969405,189000,38513,5767,878390,694140,22697426,TRUE,FALSE,English
Domingo,1081573995,75315,197747,14360,1103056,304364,27444869,TRUE,FALSE,French
Fresh,1074586140,101100,57431,10628,4346561,1856435,28170588,TRUE,FALSE,English
mistermv,1061800680,89715,72350,11835,679722,223846,26383682,TRUE,TRUE,French
Quackity,1056441450,17820,381550,59284,3514910,2964980,21174591,TRUE,FALSE,English
Bugha,1047973065,97830,62529,10712,4426993,2253424,45054682,TRUE,FALSE,English
NickEh30,1046296125,110460,85073,9472,2969739,1683687,33620193,TRUE,FALSE,English
SolaryFortnite,1021655295,435240,26982,2347,1735390,385264,34072484,TRUE,FALSE,French
karljacobs,1020613065,22635,263353,45090,2598602,2586644,18402547,TRUE,FALSE,English
IlloJuan,1006784085,73005,98463,13790,900537,665360,24188812,TRUE,FALSE,Spanish
pokelawls,986735220,138090,57642,7145,896549,251189,15390806,TRUE,TRUE,English
Elajjaz,983267295,156990,14352,6263,366621,29922,15814203,TRUE,FALSE,English
Ramee,972800325,182580,41892,5328,359664,234308,17093989,TRUE,FALSE,English
aceu,968288835,106785,36219,9067,1596354,973125,29604120,TRUE,TRUE,English
EWROON,965386560,98685,25012,9782,749708,296375,23868470,TRUE,FALSE,Polish
LPL,961865490,53055,142695,18129,668320,289228,34108850,TRUE,FALSE,English
blxckoutz,959129220,513525,28651,1867,1149640,840972,23163481,TRUE,FALSE,Portuguese
itsHafu,956643360,147510,66992,6485,1310760,524042,35726395,TRUE,FALSE,English
cloakzy,953373975,89265,51400,10680,2567488,591988,17026518,TRUE,FALSE,English
ops1x,952423965,191655,28116,4969,977675,871463,27201684,TRUE,FALSE,English
Chess,947099295,71040,139185,13331,643615,427607,113720380,TRUE,FALSE,English
Evelone192,930541995,28455,108037,32702,1271124,434722,31704673,TRUE,FALSE,Russian
POW3Rtv,916924170,182850,37745,5014,1585464,614452,25927429,TRUE,FALSE,Italian
x2Twins,916062165,131940,31874,6943,2438104,1617293,29589020,TRUE,FALSE,English
TFBlade,910227615,121545,33590,7488,1119716,150520,24600208,TRUE,FALSE,English
SypherPK,910040640,130950,88097,6949,4743990,1415860,26343387,TRUE,FALSE,English
Flashpoint,905232405,23280,128800,38884,404895,310353,90856999,TRUE,FALSE,English
TeePee,899901405,164640,50543,5465,668371,219506,19810889,TRUE,TRUE,English
괴물쥐123 (tmxk319),897734100,131655,60040,6818,647227,284724,24549531,TRUE,FALSE,Korean
GeorgeNotFound,893259900,14580,387003,61266,3722614,3656782,16124109,TRUE,FALSE,English
AdmiralBulldog,892193310,148545,14724,6006,739252,60362,15369838,TRUE,TRUE,English
ybicanoooobov,884832645,123810,16112,7146,571610,186563,19115070,TRUE,FALSE,Russian
IamCristinini,879387135,120225,58228,7314,2247938,1959491,46424548,TRUE,FALSE,Spanish
Jinnytty,878883255,157455,18813,5581,577441,254779,20623241,TRUE,FALSE,English
MYM_ALKAPONE,877116180,111735,21711,7849,956369,231640,12848972,TRUE,FALSE,Spanish
따효니 (ddahyoni),872948220,179865,22514,4853,342386,35731,26261451,TRUE,FALSE,Korean
Dhalucard,870968535,161040,26753,5408,410039,153694,18293138,TRUE,FALSE,German
녹두로 (nokduro),869580390,170805,23890,5091,221417,78397,15637483,TRUE,FALSE,Korean
SolaryHS,864886620,476310,7753,1815,160240,12645,16970241,TRUE,FALSE,French
Tumblurr,864611355,94365,30295,9162,674013,380234,10845678,TRUE,FALSE,Italian
StableRonaldo_,861475425,76320,78767,11287,2146435,1998285,32581100,TRUE,FALSE,English
蝦愛橘子 (shuteye_orange),853696785,306435,8312,2785,100161,17588,19896565,TRUE,TRUE,Chinese
침착맨 (zilioner),853582245,93495,43164,9129,538779,120135,27440878,TRUE,FALSE,Korean
Kyle,850197615,158550,30617,5362,344614,167593,9885631,TRUE,TRUE,English
DreamLeague,845728110,24360,131122,34717,473191,128762,21296534,TRUE,FALSE,English
uzra,842934345,187590,13335,4493,209390,18210,22725549,TRUE,FALSE,Chinese
Brunenger,840040335,83685,151531,10038,998371,643812,21270344,TRUE,FALSE,Spanish
Squeezie,835917015,31935,117304,26175,2847227,856873,21780044,TRUE,FALSE,French
SPYGEA,834074655,137895,30473,6048,365560,173815,19725917,TRUE,FALSE,Japanese
eliasn97,824948160,40500,85341,20369,482353,422638,6909119,FALSE,FALSE,German
its_iron,823643790,151305,18721,5443,402542,380079,8369532,TRUE,TRUE,English
knekro,816000675,126480,52659,6451,526957,289841,21489832,TRUE,FALSE,Spanish
Locklear,813908325,103995,31695,7826,1278756,534622,23856473,TRUE,FALSE,French
ElmiilloR,800342715,126660,36786,6318,720205,316791,25626139,TRUE,FALSE,Spanish
Insomniac,796143330,521415,43114,1526,472494,237106,111313776,TRUE,FALSE,English
VALORANT,792142335,80985,194653,9781,1041359,1031022,37164055,TRUE,FALSE,English
ClassyBeef,787892385,329715,11355,2389,162831,73847,8065326,FALSE,TRUE,English
casimito,783324000,132105,50495,5929,392062,360531,9547333,TRUE,TRUE,Portuguese
Jahrein,782755860,54450,316703,14375,1650353,262314,24459392,TRUE,FALSE,Turkish
5uppp,779188560,99060,49155,7865,883876,879458,18458052,TRUE,FALSE,English
PapoMC,769648200,74205,146890,10371,1679947,1653424,25067515,TRUE,TRUE,Spanish
imls,767674950,88050,42594,8718,524344,179091,14776721,TRUE,FALSE,English
Yassuo,765969435,110385,68576,6939,2002205,174002,26740014,TRUE,TRUE,English
RATIRL,754011495,134715,15026,5597,568151,189952,16407212,TRUE,TRUE,English
Alexby11,752188200,75090,70418,10017,2593858,1436618,25751971,TRUE,FALSE,Spanish
wtcN,748931790,70860,89105,10569,2420639,670899,39295729,TRUE,TRUE,Turkish
lilypichu,745921125,63675,88174,11714,2153426,946047,25277592,TRUE,FALSE,English
PENTA,742408995,146085,25524,5082,255835,110645,7948870,TRUE,TRUE,English
39daph,741062355,112380,35342,6594,861426,451988,14529589,TRUE,FALSE,English
Agraelus,740330490,134955,54289,5485,536065,153699,26147845,TRUE,TRUE,Czech
bratishkinOFF,733754235,53505,68818,13713,1392596,361906,29926339,TRUE,FALSE,Russian
chowh1,731874135,135885,37220,5385,321892,248308,12339610,TRUE,TRUE,French
Greekgodx,730240860,114015,118713,6404,1498551,280978,18737086,TRUE,TRUE,English
DreamHackCS,726117975,41655,138818,17431,1888459,152343,21031674,TRUE,FALSE,English
MuTeX,725376240,155880,18361,4653,584329,472356,10699805,TRUE,TRUE,English
Recrent,725350980,152295,44761,4762,464622,277566,23868378,TRUE,FALSE,Russian
EmadGG,725297100,164475,41233,4409,1377171,992639,18859149,TRUE,FALSE,English
WARDELL,724545150,148665,17957,4873,799297,731261,26730500,TRUE,TRUE,English
Faker,723340140,25095,54478,28824,3409787,905971,42354855,TRUE,FALSE,Korean
deercheerup,722230935,115320,64213,6262,456498,355789,21641245,TRUE,TRUE,Portuguese
bakzera,721471830,52380,506797,13773,1302012,1163936,7562241,TRUE,FALSE,Portuguese
relaxing234,718573125,74145,21140,9691,332622,90618,19541564,TRUE,TRUE,Chinese
pqueen,718353255,86250,339893,8328,1538555,1163755,27424094,TRUE,FALSE,Turkish
우왁굳 (woowakgood),714567585,151950,15918,4702,688394,120195,20386313,TRUE,FALSE,Korean
Destiny,714272520,158670,29438,4501,658513,112473,9645355,FALSE,TRUE,English
AntoineDaniel,712931100,67560,50779,10552,652236,275684,17447655,TRUE,TRUE,French
dogdog,712686105,107085,31142,6655,619989,29026,14283675,TRUE,FALSE,English
Thijs,710024715,105855,30800,6707,769930,18618,16333391,TRUE,FALSE,English
jukes,709138650,94770,32138,7482,1603179,353021,21364238,TRUE,TRUE,Portuguese
JonVlogs,709058535,282675,21617,2508,914045,694604,11153637,TRUE,FALSE,Portuguese
CriticalRole,706305345,15105,116327,46759,749043,243814,10172357,TRUE,FALSE,English
Bonjwa,704562240,277035,11814,2543,170925,48208,15150065,TRUE,FALSE,German
GronkhTV,701084490,352635,11833,1988,337020,136502,7354851,TRUE,TRUE,German
k3soju,697080375,128430,15172,5427,192002,136980,8115610,TRUE,FALSE,English
김도 (kimdoe),695667885,145575,11759,4778,307711,21791,17599826,TRUE,TRUE,Korean
winstrike_tv,687821820,30300,235473,22700,374357,286598,22278280,TRUE,FALSE,Russian
살인마협회장 (sal_gu),685631070,140070,13688,4894,217775,67748,12358734,TRUE,FALSE,Korean
Rakin,684222225,145455,22913,4704,1438574,232328,23290484,TRUE,FALSE,Portuguese
Homyatol,682128960,87180,56519,7824,742133,407584,11676097,TRUE,TRUE,Italian
WePlayDota,681350940,71235,140285,9564,311345,137179,16389507,TRUE,FALSE,English
RduLIVE,680540490,139755,13455,4869,270109,46627,9654754,TRUE,FALSE,English
alexelcapo,671503740,81645,74670,8224,806178,218270,22829356,TRUE,FALSE,Spanish
Rogue,671193570,165120,29984,4064,561529,438050,12822952,TRUE,FALSE,English
roflgator,670266615,150315,22168,4459,218946,129292,6478723,TRUE,TRUE,English
BastiGHG,669394065,161010,16135,4157,836302,394480,15643525,TRUE,FALSE,German
Nightblue3,667853010,121305,90231,5505,2745154,104967,21566896,TRUE,FALSE,English
Gladd,667615365,209790,111346,3182,435070,137255,11189994,TRUE,TRUE,English
Mongraal,666460635,25935,127720,25697,4464122,2048436,33097912,TRUE,FALSE,English
Scarra,665463210,137850,23123,4827,1469464,303858,15744541,TRUE,FALSE,English
allkeyshop_tv,663289230,491340,4338,1349,74704,10176,38227626,TRUE,FALSE,English
Kitboga,650845095,70185,43878,9273,958977,277296,10135019,TRUE,FALSE,English
UberHaxorNova,649566300,167175,10150,3885,481390,71564,7044702,TRUE,FALSE,English
Doublelift,645800100,44865,65774,14394,1548390,160985,13044817,TRUE,FALSE,English
Sequisha,639217920,206685,45832,3092,325933,89387,7921035,TRUE,TRUE,English
老皮 (mobilmobil),633901590,112365,13448,5641,466943,25406,21136334,TRUE,TRUE,Chinese
JohnPitterTV,631941000,520560,3331,1213,364863,124432,37081843,TRUE,FALSE,Portuguese
Mandzio,630483135,97995,27835,6433,595672,399711,18878978,TRUE,FALSE,Polish
ESL_SC2,628784925,397470,57127,1581,341604,51379,14794506,TRUE,FALSE,English
Shlorox,628713405,123825,21757,5077,368197,50874,19382903,TRUE,FALSE,German
LyonWGFLive,628456875,12180,76770,51597,478986,375183,6964386,TRUE,FALSE,Italian
악어 (jdm2088),626963910,61020,55453,10274,322123,65721,8713045,TRUE,FALSE,Korean
BotezLive,625522725,99510,86864,6286,843516,685447,46641520,TRUE,FALSE,English
BobRoss,622719180,235590,11299,2643,1893505,406734,7329415,TRUE,FALSE,English
Jankos,620056455,54630,42426,11350,980663,449051,21492439,TRUE,FALSE,English
PietSmiet,616760625,106170,125228,5809,678609,128103,18028830,TRUE,FALSE,German
SummonersInnLive,614673630,60300,50848,10193,536905,41438,12293524,TRUE,FALSE,German
midbeast,613257630,117405,32945,5223,531183,228154,16512531,TRUE,FALSE,English
mount,613142940,176805,27820,3467,522955,412527,15226446,TRUE,FALSE,Portuguese
MarkitoNavaja,610936185,61260,113035,9972,1596522,1377833,15295305,TRUE,TRUE,Spanish
Distortion2,609639990,190335,17760,3202,366713,66301,9127163,TRUE,TRUE,English
C_a_k_e,607365105,116370,18443,5219,320620,27617,20442141,TRUE,FALSE,Russian
Foolish__Gamers,607173885,55695,114489,10901,1165409,1165192,12794653,TRUE,FALSE,English
Sacriel,605026935,135525,48887,4464,681483,21208,50163037,TRUE,FALSE,English
LITkillah,603969465,46305,103784,13043,1734867,1708392,13957223,TRUE,FALSE,Spanish
R6esportsBR,602577300,80880,87521,7450,469319,175831,15203787,TRUE,FALSE,Portuguese
VooDooSh,600746010,130485,12636,4603,110873,51623,15898490,TRUE,FALSE,Russian
ELoTRiX,598973250,84690,50701,7072,1265364,448459,10559986,TRUE,TRUE,German
CasinoDaddy,597897285,337185,5769,1773,155682,11437,6559969,FALSE,TRUE,English
餐餐自由配 (blusewilly_retry),596249445,104535,17585,5703,396496,31988,19304676,TRUE,FALSE,Chinese
얍얍 (yapyap30),596212905,108825,27007,5478,314643,31889,18155337,TRUE,FALSE,Korean
goncho,594230265,91845,36494,6469,888193,525596,19731854,TRUE,TRUE,Spanish
Anton,593921190,89520,157153,6634,261404,100331,4490397,TRUE,TRUE,English
fuslie,592006395,83625,45247,7079,955570,655883,26352343,TRUE,FALSE,English
Klean,591995970,178590,101124,3314,342011,118399,8424121,TRUE,TRUE,English
MckyTV,590759415,129960,45876,4545,959210,342395,17699883,TRUE,FALSE,German
scump,586808700,61455,79976,9548,1106226,261829,10227385,TRUE,FALSE,English
limit_maximum,586040775,97215,156649,6028,270090,111569,11446514,TRUE,FALSE,English
Llobeti4,582531105,86700,33673,6718,1306228,864132,21586659,TRUE,FALSE,Spanish
接接 (godjj),581514690,123210,11263,4719,350541,21157,19352250,TRUE,FALSE,Chinese
boxbox,578726100,143970,74768,4019,1876245,201102,14719244,TRUE,FALSE,English
Etoiles,575524365,129405,220035,4447,455570,278294,20905669,TRUE,FALSE,French
SkyrrozTV,572709345,117570,69964,4871,859428,316815,12131508,TRUE,FALSE,French
쌍베 (pacific8815),571164150,110415,31421,5172,201894,47916,19853658,TRUE,FALSE,Korean
melharucos,570120945,136875,14273,4165,354816,42911,17346809,TRUE,TRUE,Russian
Zizaran,569973195,178260,30289,3197,317296,-40696,13361038,TRUE,FALSE,English
elxokas,569653980,102960,60230,5532,850898,795829,20898250,TRUE,FALSE,Spanish
嬌兔 (zrush),568160775,143550,12106,3957,206770,38337,16752151,TRUE,TRUE,Chinese
DarioMocciaTwitch,567291570,135000,22241,4202,249528,155939,10501420,TRUE,FALSE,Italian
Xari,563259375,96285,25125,5849,333789,64153,8806962,TRUE,FALSE,French
Moonryde,560345775,151170,62165,3706,435272,396805,11535089,TRUE,FALSE,Italian
AustinShow,557194815,9735,186197,57236,1484520,712084,10521300,TRUE,TRUE,English
Lord_Kebun,556720665,51045,22959,10906,446516,29643,5875866,TRUE,FALSE,English
dakotaz,555571395,130395,23656,4260,4679129,288803,15618381,TRUE,FALSE,English
JesusAVGN,552800700,95025,29284,5817,856217,239912,20372800,TRUE,FALSE,Russian
CooLifeGame,551415705,147480,25530,3738,749049,417124,24700411,TRUE,FALSE,Spanish
Punz,548086440,80610,65648,6799,1047184,1032038,10955659,TRUE,FALSE,English
TenZ,547468575,59085,36154,9265,1309341,1089265,21802136,TRUE,FALSE,English
Enviosity,547295265,145215,30107,3768,325224,259184,9002401,TRUE,FALSE,English
jacksepticeye,547018275,25140,90132,21758,2680557,1801043,12280228,TRUE,FALSE,English
scoped,545615475,91005,28697,5995,1245320,728063,14795250,TRUE,TRUE,English
파카9999 (paka9999),544262235,79770,21234,6822,243289,200346,13067402,TRUE,FALSE,Korean
DansGaming,544144635,168990,56482,3219,819749,7272,17039846,TRUE,FALSE,English
TwitchRivals,542937990,38160,121816,14227,1731076,819013,84076461,TRUE,FALSE,English
ESL_DOTA2,542683680,185085,60367,2932,407825,75816,19677015,TRUE,FALSE,English
Nick28T,541325790,178545,19289,3031,1028622,55767,6303235,TRUE,TRUE,English
LuluLuvely,539511570,105030,26702,5136,968408,616698,14256327,TRUE,FALSE,English
DuendePablo,538130385,128790,31018,4178,806876,326569,13996467,TRUE,FALSE,Spanish
Letshe,537910110,93255,27942,5768,1635096,1088814,27852132,TRUE,FALSE,English
RiceGum,537328815,37365,55775,14380,1162255,373135,8624651,TRUE,FALSE,English
mch_AGG,535972245,488580,15042,1096,330630,152916,13204759,TRUE,FALSE,Portuguese
Staiy,534850215,109650,15429,4877,267123,32211,7276806,TRUE,FALSE,German
epicenter_en1,534080070,71250,71162,7495,463149,59191,9821005,TRUE,FALSE,English
Xayoo_,531545250,47835,35379,11112,706355,186183,11486651,TRUE,FALSE,Polish
Arcadum,529493475,145470,21472,3639,245298,176958,8343260,TRUE,FALSE,English
Mathil1,525432480,135765,24655,3870,321138,30707,10892636,TRUE,FALSE,English
WilburSoot,524928375,11535,206579,45507,3380807,2995465,14795111,TRUE,TRUE,English
Otzdarva,523179000,99645,36626,5250,481610,269681,7338140,TRUE,FALSE,English
btscsgo,520860195,72630,74949,7171,316098,214117,14337562,TRUE,FALSE,English
pijack11,520747575,148485,16114,3507,423416,220392,14069016,TRUE,TRUE,Portuguese
lolpacifictw,519464520,33225,91692,15634,125304,88204,16739723,TRUE,FALSE,Chinese
jean_mago,517241475,86190,163671,6001,595390,339416,14284038,TRUE,FALSE,Portuguese
Emongg,514803945,194370,75112,2648,609845,144476,12924948,TRUE,FALSE,English
BarbarousKing,513684495,193905,18371,2649,162945,7320,5764518,TRUE,TRUE,English
IWillDominate,509693595,82605,24568,6170,823744,40452,8950108,TRUE,FALSE,English
PUBG,508285035,49260,54337,10318,886341,189372,43268933,TRUE,FALSE,English
supertf,506651580,127785,12125,3964,335003,196466,7461121,TRUE,FALSE,English
FENGRUSH,506610075,109920,13363,4608,108376,17898,47158641,TRUE,FALSE,English
Werlyb,503700390,88650,76653,5681,531789,382587,17081652,TRUE,FALSE,Spanish
울프 (lol_woolf),503384775,49920,47010,10083,339399,47182,9672294,TRUE,FALSE,Korean
H2P_Gucio,501905295,138465,16024,3624,256312,51156,12219965,TRUE,FALSE,Polish
iiTzTimmy,500229630,157710,54842,3171,697535,602034,11600882,TRUE,FALSE,English
Vinesauce,497994810,74535,14032,6681,512287,86182,5092962,TRUE,TRUE,English
KingGeorge,497276430,145485,65368,3418,949966,239529,7111832,TRUE,FALSE,English
RiotGamesJP,496623585,36510,96114,13602,167723,35706,15839636,TRUE,FALSE,Japanese
ziGueira,495751605,118170,21804,4195,654753,183945,10350852,TRUE,FALSE,Portuguese
MenosTrece,495333675,120450,45464,4112,857877,430898,14332361,TRUE,FALSE,Spanish
daltoosh,493050945,141510,16733,3484,427759,225141,7344998,TRUE,FALSE,English
PAGO3,491353125,129855,15154,3783,573094,163152,26712037,TRUE,FALSE,Polish
김진우 (jinu6734),490514850,101580,14881,4828,308325,45100,10062938,FALSE,FALSE,Korean
탬탬버린 (2chamcham2),490493520,91230,15721,5376,545594,70640,14769031,TRUE,FALSE,Korean
Deadlyslob,489955590,122475,104568,4000,353466,72428,5159981,TRUE,FALSE,English
EASPORTSFIFA,487635915,29565,324655,16493,1903064,654296,10388816,TRUE,FALSE,English
masondota2,486999300,110445,11948,4409,162741,68877,7117942,TRUE,TRUE,English
hJune,485747610,93510,54263,5194,429823,304875,9132893,TRUE,TRUE,English
DeuceAce,484646670,87030,21583,5568,148053,131742,7262605,FALSE,TRUE,English
MatteoHS,483781545,433035,9330,1117,710357,341489,10681833,TRUE,FALSE,English
Annoying,480364275,114600,17517,4191,582080,220196,4236820,TRUE,FALSE,English
RiotGamesRU,479946420,36000,109522,13331,202406,55850,8589132,TRUE,FALSE,Russian
LosPollosTV,477988305,63285,54323,7552,580444,133192,9794412,TRUE,FALSE,English
狂暴小建 (a541021),477827310,167115,9312,2859,215695,10692,17722681,TRUE,FALSE,Chinese
singsing,473489115,140325,10199,3374,589935,19664,7671909,TRUE,TRUE,English
Smurfdomuca,470994270,64500,26614,7302,378665,286147,10393944,TRUE,FALSE,Portuguese
resttpowered,470407260,139215,14112,3378,305926,229814,12844307,TRUE,FALSE,Slovak
yourragegaming,469396275,56985,49804,8237,555678,407176,4250247,FALSE,TRUE,English
Steelmage,464143800,171060,15866,2713,92869,40808,7725184,TRUE,FALSE,English
sujagg,463275015,153900,33258,3010,789315,731053,17647716,TRUE,FALSE,Spanish
ESAMarathon,461860875,504105,32047,916,252139,18498,27611065,TRUE,FALSE,English
Hype,457393920,62805,53021,7282,382896,272128,13337437,TRUE,TRUE,Turkish
DesertHeartsRecords,457044015,135495,33862,3373,129500,88614,101271827,TRUE,FALSE,English
FPSThailand,455038455,150120,29838,3031,441881,63924,19457142,TRUE,TRUE,Thai
TubboLIVE,454929915,16185,95734,28108,1379617,1370821,8623143,TRUE,FALSE,English
김나성 (naseongkim),454683270,224700,6294,2023,122657,24077,11885453,TRUE,FALSE,Korean
Xposed,451487010,144075,18495,3133,346809,164800,6272889,TRUE,TRUE,English
FaZeBlaze,450182115,128100,18936,3514,886308,789688,6861804,TRUE,FALSE,English
HoneyMad,449688840,57345,35127,7841,607041,88603,15117680,TRUE,TRUE,Russian
Mithrain,448422660,93105,17005,4816,1488670,284903,23855424,TRUE,FALSE,Turkish
LLA,445982775,46845,71260,9520,360410,210628,12578217,TRUE,FALSE,Spanish
Sapnap,445213665,13590,285877,32760,2237931,2215208,8693584,TRUE,FALSE,English
Pieface23,444425745,95745,21393,4641,514080,299653,4562515,TRUE,FALSE,English
itsRyanHiga,442834215,122850,48953,3604,596320,539700,10193648,FALSE,FALSE,English
AnthonyZ,442788165,178965,26304,2474,358519,162004,8355699,TRUE,FALSE,English
GingiTV,440714730,93090,63160,4734,240149,99177,10322481,TRUE,TRUE,English
ANGRYPUG,440223750,190260,21892,2313,433512,73515,6299615,TRUE,TRUE,English
ElcanaldeJoaco,439969575,29790,121885,14769,1341612,831267,11124765,TRUE,TRUE,Spanish
pizfn,439708395,160125,19979,2746,350486,251375,12632601,TRUE,FALSE,Italian
natalan,439447500,109965,9561,3996,1049411,706127,9228963,TRUE,TRUE,Spanish
ReventXz,439364535,90615,47282,4848,787672,482410,17313116,TRUE,FALSE,Spanish
crokeyz,439005855,160245,6271,2739,86260,25826,4947577,TRUE,FALSE,English
Ash_on_LoL,438365370,83100,62182,5275,673991,583540,11693508,TRUE,FALSE,English
Shotz,437475570,132690,14740,3296,231265,80485,6385594,TRUE,TRUE,English
Shaunz,435803055,91440,20861,4766,196468,60450,12926258,TRUE,FALSE,French
peterparkTV,435305805,86130,31042,5054,503089,403021,9534481,TRUE,TRUE,English
aXtLOL,434948925,109395,22518,3975,810528,64276,10772905,TRUE,FALSE,Portuguese
GothamChess,433382910,97875,28659,4427,456855,431518,31624821,TRUE,FALSE,English
Mayichi,433368900,113190,34923,3828,995779,929032,22699690,TRUE,FALSE,Spanish
Sanchovies,433196670,177915,11795,2434,278346,162088,8214562,TRUE,FALSE,English
Staryuuki,432703230,91875,16242,4709,1823217,1518102,19513551,TRUE,FALSE,Spanish
TheRealzBlueWater,431874255,340935,36443,1266,46021,26929,175652,TRUE,FALSE,English
DreadzTV,431246715,108855,28250,3961,665417,2536,16446837,TRUE,TRUE,Russian
SkipNhO,431193885,134265,19511,3211,1176496,137286,12532192,TRUE,FALSE,Portuguese
polsatgames,431129985,79335,37115,5434,213323,91447,26868474,TRUE,FALSE,Polish
Timmac,430698990,209520,27668,2055,492051,101155,6700918,TRUE,TRUE,English
포셔 (portialyn),430634070,156000,7803,2760,66265,31373,6184388,TRUE,FALSE,Korean
BobbyPoffGaming,430003125,246960,20664,1741,200406,101293,3047950,TRUE,TRUE,English
오킹 (obm1025),429263145,126000,10821,3406,547218,172556,11226016,TRUE,FALSE,Korean
PUBGKorea,429199770,43530,56482,9859,225015,121198,70389257,TRUE,FALSE,Korean
Conterstine,429173925,112125,18090,3827,619276,365080,9566098,TRUE,FALSE,Spanish
dreamwastaken,427589520,5730,290972,74622,4689327,4530629,11698358,FALSE,FALSE,English
Towelliee,424509540,178905,19519,2372,709853,9315,12842795,TRUE,FALSE,English
Fundy,423586740,30660,188907,13815,1847231,1818668,12272218,TRUE,FALSE,English
JLBichouu,423436290,102690,35302,4123,407259,228501,7950100,TRUE,TRUE,French
Yogscast,420306075,353100,59035,1190,916892,-43917,14488578,TRUE,FALSE,English
똘똘똘이_ (jungtaejune),418571625,181755,11914,2302,137667,15915,12686157,TRUE,TRUE,Korean
Ray__C,417563310,153780,88938,2715,317526,275702,7984643,TRUE,FALSE,English
DessT3,415784655,138660,10429,2998,199895,176908,8817649,TRUE,TRUE,Spanish
s1mple,414624660,20175,73680,20551,2471149,903522,30893443,TRUE,FALSE,English
modestal,414269835,48885,28931,8474,419302,137823,15574383,TRUE,FALSE,Russian
JustaMinx,413483835,100710,36099,4105,1482793,1351814,14172466,TRUE,FALSE,English
bateson87,412585485,111405,31180,3703,794090,226720,23843362,TRUE,FALSE,English
ONEEsports,412345335,19290,171848,21376,143181,117963,20443306,TRUE,FALSE,English
플러리 (flurry1989),410517000,117405,12084,3496,190165,27022,12283288,TRUE,FALSE,Korean
CSRuHub,410181525,98715,102390,4155,633588,154859,16391038,TRUE,FALSE,Russian
RaulZitoYT,408902415,492045,8461,831,115625,66385,6686116,TRUE,FALSE,Portuguese
GernaderJake,408069735,158460,30618,2575,360501,83029,12153104,TRUE,FALSE,English
ChilledChaos,407048790,94650,23613,4300,344078,125197,5142408,TRUE,FALSE,English
VELLOSO,406502775,453765,3176,895,100659,97656,4983333,TRUE,FALSE,Portuguese
MarkiLokurasY,406236825,116700,20837,3481,1425440,717641,18604445,TRUE,FALSE,Spanish
SmallAnt,406197075,83340,14524,4873,663759,476098,7054140,TRUE,FALSE,English
ilMasseo,404583450,90675,43687,4461,1305303,789924,10318331,TRUE,FALSE,Italian
chocoTaco,403415985,152205,105530,2650,1216188,-120305,16076925,TRUE,FALSE,English
BlackUFA,403173765,101535,12553,3970,288945,19054,15387340,TRUE,FALSE,Russian
Xiuder_,402082560,167850,21024,2395,607096,369785,12919853,TRUE,FALSE,Italian
SteveSuptic,399856725,78555,16941,5090,242194,224814,7254073,TRUE,TRUE,English
Slushpuppy,399789615,156600,118125,2552,153866,72806,5530554,TRUE,FALSE,English
Felps,399776790,119940,11331,3333,1061428,291688,8746454,TRUE,FALSE,Portuguese
IzakOOO,399608775,114000,101889,3505,1613611,174817,17692044,TRUE,FALSE,Polish
imaqtpie,398063550,164250,10717,2423,2619658,-40441,9183137,TRUE,FALSE,English
TheStockGuy,397926660,76500,72935,5201,259613,227243,4989775,TRUE,FALSE,English
Smoke,397368210,104865,30715,3789,225879,70322,4386763,TRUE,FALSE,English
懶貓 (failverde),397130505,173130,14610,2293,195074,30703,13358956,TRUE,FALSE,Chinese
Dmitry_Lixxx,396485835,78015,26715,5082,568945,348200,20382588,TRUE,FALSE,Russian
RebirthzTV,396325845,111360,12499,3558,328810,59072,6265337,TRUE,FALSE,Thai
BTSBrasilFPS,393994590,132165,126254,2981,271003,224007,8227064,TRUE,FALSE,Portuguese
Vader,393643290,81720,10144,4816,427841,9614,4106819,TRUE,FALSE,English
k1ng,392743620,38385,51864,10231,1530102,1051092,18032106,TRUE,FALSE,Spanish
SNEUX,391703280,61095,54727,6411,348953,215390,8448436,TRUE,FALSE,Spanish
Northernlion,391588545,67245,25360,5823,428972,74588,5807273,TRUE,FALSE,English
sips_,391262820,104280,12107,3752,504787,87415,5670333,TRUE,TRUE,English
kyo1984123,390954285,223635,5967,1748,156858,19111,15393768,TRUE,TRUE,Chinese
Giantwaffle,390805740,158070,8042,2472,867878,-24175,5155508,TRUE,FALSE,English
Flight23white,390122775,18855,106892,20690,1653746,1030355,8982053,TRUE,FALSE,English
Albralelie,389577750,157875,31680,2467,438956,273038,10884686,TRUE,FALSE,English
Peereira7,388382475,114675,70575,3386,850826,610944,17533455,TRUE,TRUE,Spanish
도현_ (d_obby),387271170,151125,15633,2562,233795,97371,13363269,TRUE,FALSE,Korean
Falcodrin,387187785,362850,12179,1067,57113,56890,2287989,FALSE,FALSE,English
殺梗 (xargon0731),386738700,154725,7817,2499,298323,18013,18651212,TRUE,FALSE,Chinese
SkipNhOLIVE,385210695,402315,13255,957,445265,157869,4565566,TRUE,FALSE,Portuguese
hastad,384959280,165825,8869,2321,983513,187664,13144441,TRUE,TRUE,Portuguese
RevedTV,384836820,80610,75163,4774,657687,481602,13351924,TRUE,FALSE,German
loud_thurzin,384700785,38970,47796,9871,1206440,1172507,5357421,TRUE,FALSE,Portuguese
velox,384557655,123765,13553,3107,437869,231080,5282487,TRUE,FALSE,Italian
AsmodaiTV,384495555,145260,15747,2646,254466,10288,5890284,TRUE,FALSE,English
CDNThe3rd,383529105,133185,44336,2879,2008676,-40681,11151324,TRUE,FALSE,English
Posty,383149395,156495,45660,2448,318294,216182,7706827,TRUE,FALSE,English
RakanooLive,383084055,141075,22607,2715,1499149,417995,6960434,TRUE,FALSE,Arabic
sweetdreams,381780225,126825,15055,3010,326467,289625,8056142,TRUE,FALSE,English
철면수심 (109ace),380554095,153660,11058,2476,186533,28571,11099078,TRUE,FALSE,Korean
The_Happy_Hob,380203365,107025,12806,3552,245489,38555,5136458,TRUE,TRUE,English
orangemorange,379962795,120675,18387,3148,340760,94038,9140076,TRUE,TRUE,German
OGADotaPIT,379575300,39930,78693,9506,210233,72934,21151287,TRUE,FALSE,English
NateHill,378810555,117255,41610,3230,1590311,634001,16489659,TRUE,FALSE,English
T90Official,378776550,65400,62655,5791,215066,63220,6441982,TRUE,FALSE,English
Tonton,377635470,137985,14484,2736,261631,127836,16506196,TRUE,FALSE,French
WELOVEGAMES,375908235,117945,18495,3187,418979,15635,24452240,TRUE,FALSE,Russian
BigEx,375365055,145710,14876,2576,337293,105352,4369379,TRUE,FALSE,English
Elwind,375188865,51075,25670,7345,898099,231652,14570997,TRUE,FALSE,Turkish
NymN,374824830,116205,20918,3225,276995,55183,5025092,TRUE,TRUE,English
Payo,374742855,136065,15683,2754,222428,57747,9139832,TRUE,FALSE,English
RiotGamesTurkish,374528415,32235,63564,11618,761263,124830,16030877,TRUE,FALSE,Turkish
앰비션_ (lol_ambition),372792255,91530,16617,4072,426759,79907,13098816,TRUE,FALSE,Korean
SunBaconRelaxer,372407895,149505,9840,2490,66215,33756,3152887,TRUE,FALSE,English
BarcaGamer,371409825,117480,57917,3161,1556852,1172790,9769949,TRUE,FALSE,Spanish
LEGOO,370959270,65430,45511,5669,410165,393742,18725689,TRUE,TRUE,Turkish
aroyitt,370849005,55665,51965,6662,1355706,1309839,16513075,TRUE,FALSE,Spanish
CaptainPuffy,369752400,59250,107050,6240,1220401,1196823,9297922,TRUE,FALSE,English
liminhag0d,368203590,102750,61707,3583,377212,371086,12580902,TRUE,TRUE,Portuguese
lol_nemesis,367466625,82695,19286,4443,389003,227292,11017316,TRUE,FALSE,English
Vicens,366900555,65925,45460,5565,1524831,1026199,15348270,TRUE,FALSE,Spanish
JackManifoldTV,366881610,28635,136582,12812,1240752,1208691,10456742,TRUE,FALSE,English
이춘향 (leechunhyang),366869925,178365,11921,2056,206118,102688,13348948,TRUE,FALSE,Korean
sleepy,366727545,105570,13931,3473,517022,218397,5814724,TRUE,FALSE,English
iLame,366314745,222015,8225,1649,276810,53409,16277774,TRUE,TRUE,Russian
eldemente,366066810,61830,51264,5920,1285056,963285,9062827,TRUE,FALSE,Spanish
Th3Antonio,365748645,96075,38970,3806,359900,154360,11573551,TRUE,FALSE,Spanish
fl0m,365045325,183075,19873,1993,705528,75304,14535679,TRUE,FALSE,English
KYR_SP33DY,362766600,121680,9719,2981,756821,66967,3796157,TRUE,FALSE,English
NeVeR_LosEs,362072415,80355,14244,4505,226613,29001,12666399,TRUE,FALSE,Chinese
nerdstgamers,359760405,61995,58936,5803,249042,234925,11301005,TRUE,FALSE,English
bytarifaaa,359520600,28080,121009,12803,945286,897723,7892694,TRUE,FALSE,Spanish
VERNI_SHAVERMY,359257005,119775,10373,2999,142605,117140,12605235,TRUE,TRUE,Russian
RocketBeansTV,358753890,518490,6432,691,444886,33503,6521290,FALSE,FALSE,German
DatModz,358478010,222840,19171,1608,286432,19058,6320344,TRUE,FALSE,English
calango,357572655,103185,17148,3465,1166240,477027,10066472,TRUE,FALSE,Portuguese
木棉花官方頻道 (muse_tw),357345915,512955,5332,696,143941,33152,8553232,TRUE,FALSE,Chinese
JoshOG,357216525,141300,28435,2528,1711731,-36034,26484342,TRUE,FALSE,English
bysTaXx,357136605,52470,259210,6806,1493906,817867,13457868,TRUE,FALSE,Spanish
xChocoBars,357091365,97515,60017,3661,854801,293813,16320531,TRUE,FALSE,English
jovirone,356134425,80430,40367,4427,1151526,152092,14044045,TRUE,FALSE,Portuguese
TEBtv,355323105,124290,32608,2858,173987,120387,20015365,TRUE,FALSE,English
G4G_REVENANT,354793695,98625,14112,3597,356853,83271,11173617,TRUE,FALSE,Spanish
Low4n,354679080,165585,13003,2141,172946,100607,4959877,TRUE,TRUE,French
B1ackSai1s,354068640,343335,4578,1031,62977,48279,13028592,TRUE,FALSE,Russian
Masayoshi,352926450,80280,39134,4396,425862,350785,7805918,TRUE,FALSE,English
JoeWo,352263150,153255,33722,2298,343576,326767,7524787,TRUE,FALSE,English
FollowGrubby,352219050,150675,8243,2337,435411,7194,7247174,TRUE,FALSE,English
Loeya,351924345,131040,8127,2685,1418185,270946,18215104,TRUE,FALSE,English
인간젤리 (ses836),351748710,160155,22898,2196,131976,41846,11614578,TRUE,FALSE,Korean
Im_Dontai,351038115,47235,48317,7431,888708,655192,4540967,TRUE,FALSE,English
Diegosaurs,350320950,77400,16589,4526,588942,68076,4827460,TRUE,TRUE,English
cyr,349788660,168915,12359,2070,338483,166225,6536903,TRUE,TRUE,English
MrSoki,348889695,100740,95105,3463,590898,451476,8030151,TRUE,FALSE,Spanish
BurkeBlack,348655395,165435,10742,2107,278856,3890,5222632,TRUE,TRUE,English
just_ns,348507030,102780,21233,3390,381231,53794,13528511,TRUE,TRUE,Russian
boltz,348044565,76650,30646,4540,418399,256903,11764040,TRUE,FALSE,Portuguese
Minos,347544165,166290,24576,2089,268480,109448,5781842,TRUE,FALSE,French
loud_babi,347166090,47070,46251,7375,1167505,977652,6435744,TRUE,FALSE,Portuguese
Jasper7se,346708980,111975,20699,3096,117143,81001,7568685,TRUE,FALSE,Japanese
Aurateur,346149045,156600,5167,2210,148996,9720,3682682,TRUE,TRUE,English
ThomeFN,345093960,288330,24086,1196,418366,357455,10017321,TRUE,FALSE,Portuguese
Natsumiii,344276460,130185,39004,2644,416450,287620,9827841,TRUE,FALSE,English
超負荷 (sam1268),343804530,55905,15644,6149,173864,25687,9981342,TRUE,TRUE,Chinese
DavyJones,343754235,127725,48961,2691,1289730,462511,19229824,TRUE,FALSE,Portuguese
m0xyy,343122375,119595,17087,2869,591667,194215,6432481,TRUE,FALSE,English
boyMinORu,343104900,170415,33148,2013,419166,63906,18044872,TRUE,TRUE,Thai
StaysafeTV,342136470,139125,15065,2459,180976,37376,5808082,TRUE,TRUE,English
AlphaCast,341878770,89565,50263,3817,509185,117807,11690764,TRUE,FALSE,French
gratis150ml,340885710,222660,12465,1530,803065,88307,12566271,TRUE,FALSE,Portuguese
Grimmmz,340766475,196200,18955,1736,1015120,15811,7783019,TRUE,TRUE,English
zEkO,339840105,64665,23836,5255,1031505,439244,11147328,TRUE,TRUE,Spanish
Syndicate,339353355,93060,22900,3646,3125081,134797,6466858,TRUE,FALSE,English
Jay3,338847150,189300,11257,1790,287140,137488,5742544,TRUE,FALSE,English
c9judite,338221035,500115,7677,676,161715,59041,6409751,TRUE,FALSE,Portuguese
AgenteMaxo,338049090,55350,33061,6107,862498,809224,13143967,TRUE,FALSE,Spanish
Warframe,337825245,12810,346131,26371,1365520,290860,6923612,TRUE,FALSE,English
LeBouseuh,337472325,58170,132402,5801,1468935,553881,11501201,TRUE,FALSE,French
Mushway,337101840,97065,14917,3472,440966,192539,7185477,TRUE,TRUE,French
ricoy23,336747990,72930,59388,4617,192446,145784,7772750,TRUE,TRUE,Spanish
CoconutB,333852135,130785,45858,2552,348856,169903,6437874,TRUE,TRUE,English
Gabi,333508455,102735,23886,3246,551586,333531,11738399,TRUE,FALSE,Portuguese
BadBoyHalo,333175590,13800,187142,24143,1945387,1925109,7166252,TRUE,FALSE,English
옥냥이 (rooftopcat99),333099585,97410,15436,3419,258670,59532,9324916,TRUE,FALSE,Korean
다주 (dda_ju),332829690,121365,18680,2742,254312,68054,10807338,TRUE,FALSE,Korean
Repazmois,332313270,130935,50575,2538,584071,314068,6965190,TRUE,FALSE,German
쫀득이_ (pjs9073),332269770,108075,30813,3074,257605,87098,11482127,FALSE,FALSE,Korean
BruceDropEmOff,331945815,92340,13909,3594,231089,152233,2822005,TRUE,TRUE,English
miniminter,331562355,61980,28102,5349,1389102,635626,20935993,TRUE,FALSE,English
Japczan,331057140,74250,14502,4458,273657,241109,8294738,TRUE,FALSE,Polish
RTAinJapan,330383445,21180,64929,15598,114390,67087,4553064,TRUE,FALSE,Japanese
Loserfruit,329027535,110085,23481,2988,2553713,1250883,17989928,TRUE,FALSE,English
ElRichMC,328678905,45855,95938,7167,1004746,470360,11063030,TRUE,FALSE,Spanish
RobertoCein,328509990,110505,15249,2972,1474542,926554,7696582,TRUE,TRUE,Spanish
Fortnite,328264395,18225,64790,18011,4324836,1216779,12991791,TRUE,FALSE,English
MateoZ,327781170,136500,24215,2401,650065,488632,11038997,TRUE,FALSE,Spanish
agurin,327100410,161175,10786,2029,138160,68000,7097635,TRUE,FALSE,German
Anthony_Kongphan,326542635,153285,41350,2130,501931,50310,6360200,TRUE,FALSE,English
Daxak,326396820,99300,8921,3286,158385,77110,10142703,TRUE,FALSE,Russian
러너교 (runner0608),326323035,124320,11601,2624,210598,51519,9782546,TRUE,FALSE,Korean
Voyboy,326282685,79575,13811,4100,1339510,121051,7405922,TRUE,FALSE,English
MacieJay,325960485,131940,57523,2470,980240,181142,6149145,TRUE,FALSE,English
TrilluXe,325650465,114795,16006,2836,473559,70181,9177390,TRUE,FALSE,German
AussieAntics,324949095,150795,29174,2154,398926,283572,8568263,TRUE,FALSE,English
B0aty,324366090,122670,13709,2644,532402,18053,5889981,TRUE,TRUE,English
ALOHADANCETV,324355935,126030,29128,2573,596670,85029,15966089,TRUE,TRUE,Russian
Hayashii,323308320,83730,64020,3861,314637,191682,5076257,TRUE,TRUE,Portuguese
adolfz,322964115,68505,15000,4714,405436,135435,3140224,TRUE,TRUE,Portuguese
bt0tv,322821105,161145,27810,2003,252585,248525,11601151,TRUE,TRUE,Portuguese
Altair,322501590,165975,11549,1943,58178,19547,4851761,TRUE,TRUE,French
Veritas,320705100,120195,108443,2668,213841,50834,2811593,TRUE,FALSE,English
AvoidingThePuddle,320190990,80070,9951,3998,368547,45197,3672471,TRUE,TRUE,English
고차비 (kumikomii),320127600,165270,7306,1936,220107,51955,7939704,TRUE,FALSE,Korean
zackrawrr,320030340,48420,23819,6609,402516,394898,7723821,FALSE,FALSE,English
aminematue,319264080,60420,24904,5284,295758,226493,5286180,TRUE,FALSE,French
Pikabooirl,318659520,116985,16351,2723,329359,112959,7494180,TRUE,FALSE,English
피닉스박1 (xkwhd),317688420,160110,15829,1984,191008,57816,8497864,TRUE,FALSE,Korean
TheDarkness,316777095,138030,12365,2294,635019,128644,8079891,TRUE,FALSE,Portuguese
dopa24,315821940,42240,44307,7476,541543,372615,11223665,TRUE,FALSE,Korean
Nihachu,315226755,33255,126916,9479,1981971,1859897,11504605,TRUE,FALSE,English
Chap,315136695,126555,23633,2490,1342017,134001,8640627,TRUE,FALSE,English
HGmony,314954325,113865,7558,2766,29271,8230,157440100,FALSE,FALSE,Russian
Crystal_LoL,314804340,128055,7663,2458,250107,98316,7393453,TRUE,FALSE,Turkish
INSCOPE21TV,313734420,39390,37129,7964,909483,304244,9299061,TRUE,TRUE,German
Co1azo,313033410,199830,26471,1566,430515,341301,9470724,TRUE,FALSE,English
QuattroAce,312127965,163410,48810,1910,190417,66801,12414701,TRUE,FALSE,Russian
羅傑 (roger9527),311703345,47280,13261,6592,139355,11594,4766432,TRUE,FALSE,Chinese
QuickyBaby,311432430,113610,9168,2741,452934,42792,6392413,TRUE,FALSE,English
Zenon_OF,310435335,274065,8361,1132,569521,365652,7484533,FALSE,FALSE,Portuguese
Thebausffs,310166415,73965,18463,4193,330809,259306,7939033,TRUE,FALSE,English
Zerkaa,309168720,74040,16356,4175,910517,440314,14950619,TRUE,FALSE,English
xth0rek,308409210,72030,12542,4281,191822,133831,7140970,TRUE,FALSE,Polish
恭一郎 (dmf_kyochan),308336070,229335,8867,1344,122950,73359,6591271,TRUE,FALSE,Japanese
aXoZer,306480030,80685,56077,3798,704588,680522,9426035,TRUE,FALSE,Spanish
PaymoneyWubby,306161820,31575,33902,9696,465026,179705,4032901,TRUE,FALSE,English
aircool,305780100,143355,57779,2133,895503,790059,4756127,TRUE,FALSE,English
Jerma985,304720005,30885,47259,9866,559111,236005,4232179,TRUE,TRUE,English
KarmikKoala,304233555,119625,8754,2543,162143,31658,9772216,TRUE,FALSE,Russian
WillerZ,303899220,145320,34281,2091,163950,108797,4720041,TRUE,TRUE,English
Shiphtur,303502545,129210,22335,2348,757170,50621,6158448,TRUE,FALSE,English
jcorko_,302982810,91365,34875,3316,511999,427809,9352566,TRUE,FALSE,Spanish
NiceWigg,302393055,130350,11448,2319,342310,180069,4635580,TRUE,FALSE,English
Nadeshot,302157870,45135,60550,6694,1664101,264929,7075728,TRUE,TRUE,English
runthefutmarket,301655790,77175,30646,3908,410880,134773,5154520,TRUE,FALSE,English
선바 (sunbaking),301274730,89430,9440,3368,317536,86743,4456083,TRUE,FALSE,Korean
Popo,300038595,50835,41931,5902,291698,254233,6805898,TRUE,FALSE,Polish
FlexZ,298801920,121260,16672,2464,308441,224943,6059490,TRUE,FALSE,Spanish
Pimpeano,298014405,26340,103261,11314,1246987,720661,7913519,TRUE,TRUE,Spanish
TeeGrizzley,298003860,88545,35133,3365,639597,627459,3659005,TRUE,FALSE,English
JLAmaru,297403095,96525,23718,3081,239452,159043,5364466,TRUE,FALSE,French
RoyalPhunk,296962650,107775,23104,2755,223619,22209,4896035,TRUE,TRUE,German
karchez,296155965,69720,20643,4247,337442,303013,7132337,TRUE,TRUE,Spanish
CzechCloud,295557120,133290,9222,2217,355381,193877,18690824,TRUE,FALSE,Czech
LexVeldhuis,295271700,62955,27924,4690,275618,44559,6488304,TRUE,FALSE,English
Kaydop,294504510,51960,49397,5667,521317,340725,7555945,TRUE,FALSE,French
NeverSayYesTwitch,294208245,139305,8123,2111,314533,176368,6190777,TRUE,FALSE,French
chess24,294179235,98505,36825,2986,123180,73973,37364924,TRUE,FALSE,English
Sweatcicle,292591020,149970,58925,1950,268484,153850,4477607,TRUE,TRUE,English
QuarterJade,292362855,52155,36627,5605,677064,421919,11210547,TRUE,FALSE,English
VALORANT_Esports_TR,292287360,15090,163677,19369,294839,284234,11601350,TRUE,FALSE,Turkish
twitchgaming,291602685,19830,123325,14705,455825,430358,68339365,TRUE,FALSE,English
grenbaud,291278370,35205,42513,8273,361394,347729,3686108,TRUE,TRUE,Italian
양띵 (yd0821),291098880,30360,34991,9588,308868,33860,2702395,TRUE,FALSE,Korean
Sjow,290816460,127605,6465,2279,239590,5453,3116564,TRUE,FALSE,English
RiffTrax,290610780,518565,1628,560,89951,12684,1918523,TRUE,FALSE,English
Broeki1,290538630,172170,11289,1687,177546,32085,6216470,TRUE,TRUE,German
Delux,289581450,119325,12562,2426,379773,196373,5366736,TRUE,FALSE,Italian
SaltyBet,288763035,524775,1522,550,267864,53242,3464294,TRUE,FALSE,English
견자희 (wkgml),288723510,107130,13081,2695,497603,112784,10529246,TRUE,FALSE,Korean
FlowPodcast,288572685,88365,60602,3265,989721,895121,10551775,FALSE,TRUE,Portuguese
PG_Esports,288448620,107715,26694,2677,144726,37490,15697730,TRUE,FALSE,Italian
tarik,288357795,73320,50415,3932,866935,189479,19601878,TRUE,FALSE,English
BTSBrasilTV,288218460,517650,7291,556,212398,17579,8474843,TRUE,FALSE,Portuguese
Vlesk,288150660,75885,14575,3797,200984,167561,6732214,TRUE,FALSE,German
踢虧 (takesipon),287832450,109005,12265,2640,79252,26830,6968504,TRUE,FALSE,Chinese
VALORANT_BR,287403705,17355,86325,16560,218787,212577,6148613,TRUE,FALSE,Portuguese
Toqtir,286960020,53910,17962,5322,211451,107220,8338436,TRUE,TRUE,Turkish
Doigby,286832235,59445,54479,4825,1358504,407515,10146554,TRUE,FALSE,French
RaizQT,286801020,117690,10825,2436,180166,16980,5220839,TRUE,FALSE,English
MoMaN,286293585,162645,85656,1760,459914,115034,10174139,TRUE,TRUE,French
Whippy,285995655,114270,34930,2502,334722,247535,7058486,TRUE,TRUE,English
maxim,285980685,95280,12802,3001,377708,76376,6950426,TRUE,TRUE,German
oestagiario,285654105,153030,9906,1866,143434,86485,3312275,TRUE,TRUE,Portuguese
Calebhart42,285440685,124200,5906,2298,186766,8325,2582102,TRUE,FALSE,English
Zombie_Barricades,285260670,190965,7354,1493,195844,47913,4202654,TRUE,TRUE,English
NeZaK_,285027615,149325,6339,1908,394802,186683,6038343,TRUE,FALSE,Italian
koil,284122920,126690,22711,2242,389523,93189,7284245,TRUE,TRUE,English
BlitzStream,284022255,119310,17226,2380,125973,102562,13252532,TRUE,FALSE,French
Sintica,283706910,123225,16364,2302,223278,84400,10476236,TRUE,TRUE,German
JustGaBBo,283651080,105285,12859,2694,650496,226753,7176402,TRUE,FALSE,Italian
guit88man,283399635,149985,6591,1889,149173,10506,9510609,TRUE,FALSE,Russian
AriaSaki,283029300,94710,20848,2988,415864,258666,7955441,TRUE,FALSE,English
ixxYjYxxi,282482115,78375,15905,3604,1096084,423516,4700900,TRUE,FALSE,Arabic
Sigma,282462825,69225,129169,4080,86234,59464,2071126,TRUE,TRUE,English
소풍왔니 (yumyumyu77),282153660,98190,17578,2873,305634,3735,14771299,TRUE,FALSE,Korean
머독 (ajehr),282054675,83985,16058,3358,403250,54055,6963064,TRUE,FALSE,Korean
Kiyoon,281990535,97545,9652,2890,98673,73926,3414497,TRUE,FALSE,English
Skyyart,281927835,158115,13686,1783,723855,142169,9047002,TRUE,FALSE,French
실프_ (silphtv),281735640,171540,5600,1642,332116,28224,6258079,TRUE,FALSE,Korean
StRoGo,281655585,30000,45087,9388,585607,437479,14848835,TRUE,FALSE,Russian
소니쇼 (sonycast_),280103460,109020,10053,2569,274527,25372,12320107,TRUE,FALSE,Korean
Joueur_du_Grenier,279838305,32115,121267,8713,585367,268009,8488624,TRUE,TRUE,French
GTimeTV,279546870,203205,16152,1375,809944,154396,8933748,TRUE,TRUE,German
スタンミ (sutanmi),279463665,99390,16004,2811,103730,49975,6828977,TRUE,FALSE,Japanese
cidcidoso,279340485,61275,59729,4558,425654,332309,10804069,TRUE,FALSE,Portuguese
강지 (rkdwl12),279229230,125835,29993,2219,596563,134971,12353316,TRUE,FALSE,Korean
mrstiventc,278993535,32235,80088,8654,842043,833429,3634471,TRUE,FALSE,Spanish
Meikodboy_,278815665,144570,9990,1928,354194,206809,3855430,TRUE,FALSE,Portuguese
Tectone,278572920,79920,30158,3485,349073,314367,5310333,TRUE,FALSE,English
skill4ltu,278297730,120315,15252,2313,178268,57800,5815795,TRUE,TRUE,English
MrKeroro10,277868595,85455,29384,3251,973063,754532,11872269,TRUE,FALSE,Spanish
ShahZaM,276922215,104490,16379,2650,538171,332400,8779437,TRUE,FALSE,English
연두는말안드뤄 (rudbeckia7),276495375,122610,6287,2255,216982,6930,9531590,TRUE,FALSE,Korean
mL7support,276210165,118620,8125,2328,419292,117545,5635513,TRUE,FALSE,English
sinatraa,275611830,54390,32923,5067,674297,407978,10280253,TRUE,TRUE,English
KayzahR,274919565,82845,18414,3318,141023,92337,3321892,TRUE,TRUE,German
Xop0,274445835,276240,3275,993,146674,73427,27387517,FALSE,FALSE,Russian
Everyeyeit,274351410,157080,18421,1746,122449,50052,71238832,TRUE,FALSE,Italian
orslok,274184940,39840,26005,6882,729694,515469,10241913,TRUE,FALSE,Spanish
MasterSnakou,274143240,136710,7790,2005,486883,49674,8150781,TRUE,FALSE,French
KristoferYee,274130160,90180,29738,3039,279854,227535,5162694,TRUE,FALSE,English
랄로 (aba4647),274019985,23925,43686,11453,349383,283101,7082627,TRUE,FALSE,Korean
Trick2g,274007250,134505,11321,2037,1506446,36473,6899294,TRUE,TRUE,English
gskianto,273757365,278895,6733,981,537715,396667,8194240,TRUE,TRUE,Italian
BeBePtv,272833320,103425,14739,2637,58638,16283,127526152,TRUE,FALSE,Russian
robcdee,272645130,168450,5024,1618,155622,117877,6830583,TRUE,FALSE,English
forever,272521185,31980,61109,8521,706258,540696,5062234,TRUE,FALSE,Portuguese
らっだぁ (raderaderader),272417130,39180,27085,6952,198007,88058,2211147,TRUE,FALSE,Japanese
JeelTV,272377440,94935,63730,2869,554828,248821,14646799,TRUE,FALSE,French
Replays,272351025,157455,6934,1729,1135325,350760,4922438,TRUE,FALSE,English
BeatportOfficial,271478775,98070,33036,2768,190214,84039,56911181,FALSE,FALSE,English
chessbrah,270642525,178950,13296,1512,236683,118953,23240940,TRUE,FALSE,English
Solaaaa,270413115,118740,13724,2277,336588,35725,6998147,TRUE,FALSE,German
esAcarry,269690130,99765,11073,2703,270588,222666,6869109,TRUE,FALSE,Portuguese
RazaH,269580210,177780,11865,1516,134212,115033,5075437,TRUE,FALSE,Portuguese
GhostFreak66,269286375,96690,98921,2785,127590,58236,2118626,TRUE,TRUE,English
薛喜 (qq7925168),269148885,107685,9542,2499,58503,20512,5055061,TRUE,FALSE,Chinese
mang0,268709520,149610,28644,1796,400075,94238,4561293,TRUE,TRUE,English
rhobalas_lol,268621320,155550,9235,1726,162852,91019,7499033,TRUE,FALSE,French
BruceGrannec,267645540,91125,13981,2937,542559,89792,8066674,TRUE,FALSE,French
tvandeR,267615795,59430,23216,4503,369429,282970,8765443,TRUE,FALSE,Spanish
ONSCREEN,267499605,90750,8153,2947,899172,-29263,15175105,TRUE,FALSE,English
rewinside,266880825,53895,24335,4951,1614759,400559,8801775,TRUE,FALSE,German
GrandPOObear,266367975,123090,56109,2164,281387,35285,6559178,TRUE,FALSE,English
akaNemsko,265080300,133650,15910,1983,265147,259607,24421432,TRUE,FALSE,English
cdewx,264920385,135615,13978,1953,412655,39752,6632480,TRUE,FALSE,English
Indiefoxx,264851130,46845,29603,5653,796376,686048,33195092,TRUE,FALSE,English
uhSnow,264503100,77775,10944,3400,182292,53650,5470156,TRUE,TRUE,English
Vovo,264254025,140205,10395,1884,216116,121919,6429152,TRUE,TRUE,Portuguese
michaelreeves,264000855,17925,33410,14728,1332372,1306332,6339787,TRUE,FALSE,English
Chica,263499300,73950,19109,3563,1927309,1199423,6064073,TRUE,FALSE,English
나나양 (nanayango3o),263399925,125205,7160,2103,185952,47231,6419486,TRUE,FALSE,Korean
LittleBigWhale,263297850,153570,16104,1714,363384,245225,12131733,TRUE,FALSE,French
tarzaned,263192790,73470,10527,3582,454301,77319,7030943,TRUE,TRUE,English
DiazBiffle,262153200,72720,26052,3604,257487,247756,4132864,TRUE,FALSE,English
Lysium,262051035,151050,18943,1734,190813,175798,5408850,TRUE,TRUE,English
JERICHO,262041180,119220,56466,2197,1199137,12646,17193339,TRUE,FALSE,English
繽紛電影台 (franchiseglobalart),261970455,499005,4291,524,50693,50518,7985403,TRUE,TRUE,Chinese
Faah,261776970,468390,5048,558,163593,102567,7364723,TRUE,FALSE,Portuguese
CodeMiko,261115470,64860,20682,4025,726469,720103,10238426,TRUE,TRUE,English
Jolavanille,260906490,98775,13277,2641,169051,165237,6454372,TRUE,TRUE,French
CobaltStreak,260302815,112170,10740,2320,354314,17699,2154989,TRUE,TRUE,English
AnniTheDuck,260212215,63450,13949,4101,686313,265637,11193070,TRUE,TRUE,German
itsRaikz,259670175,115020,30473,2257,103836,102675,5169401,TRUE,TRUE,Spanish
Videoyun,258966945,111420,16824,2324,479076,113074,14082298,TRUE,FALSE,Turkish
Mickalow,257880900,147030,13027,1753,1030881,211837,11043680,TRUE,TRUE,French
SkyshockTV,257471280,106800,6211,2410,142305,38573,5956570,TRUE,FALSE,Spanish
Odablock,256332600,105690,8355,2425,174809,64589,4430495,TRUE,FALSE,English
melina,256234170,81555,13387,3141,642334,579450,30590657,TRUE,TRUE,English
Move_Mind,256185645,103290,11348,2480,128979,102711,5378026,TRUE,TRUE,Portuguese
unsympathisch_tv,255861480,38295,34778,6681,839663,450370,6886845,TRUE,TRUE,German
Tomato,255543675,67065,6480,3810,115731,31253,3029614,TRUE,TRUE,English
Jukeyz,255532620,171270,11217,1491,143352,116493,3946743,TRUE,TRUE,English
Sh4dowehhh,255209340,115170,16159,2215,140405,62332,8281510,TRUE,FALSE,Russian
Overpow,254669145,136485,7317,1865,261855,10951,8209660,TRUE,FALSE,Polish
fer,254435070,44685,40497,5693,614932,238626,10898103,TRUE,TRUE,Portuguese
JrokezFTW,254124840,67740,15706,3751,517061,226579,11846568,TRUE,TRUE,Turkish
Goes_x,253998555,149250,16737,1701,227968,209568,8697358,TRUE,TRUE,Spanish
paulanobre,253286115,151095,10907,1676,460170,319768,12642432,TRUE,FALSE,Portuguese
Tiagovski555YT,253101615,82395,10686,3071,305600,118159,8141281,TRUE,FALSE,Portuguese
WankilStudio,253073085,24405,32755,10369,886673,204400,6223588,TRUE,FALSE,French
Savjz,252825135,74775,22070,3381,539221,-2469,4518042,TRUE,FALSE,English
MitchJones,252599280,28455,31495,8877,583843,121947,4650917,FALSE,FALSE,English
Pengu,252237105,77580,81086,3251,968703,250621,6652049,TRUE,TRUE,English
Mixwell,251871855,43110,24292,5842,532242,314936,10399821,TRUE,FALSE,Spanish
꽃핀 (cherrypach),251278875,119970,6928,2094,286701,61343,8423827,TRUE,FALSE,Korean
SackziTV,251244645,105255,19097,2387,382838,158467,3537929,TRUE,FALSE,French
Bidule,251136795,58590,13241,4286,147496,77078,4560404,FALSE,TRUE,French
OgamingSC2,251006325,515940,13437,486,113321,9379,12275785,TRUE,FALSE,French
TrU3Ta1ent,250667835,109515,11368,2288,628777,54848,4429585,TRUE,FALSE,English
KriszhAdvice,250604925,141165,7300,1775,344161,77591,6495816,TRUE,FALSE,Hungarian
RatoBorrachudo,250598685,75885,59687,3302,539257,499759,7547194,TRUE,FALSE,Portuguese
SmittyW,250213245,123945,5789,2018,99490,46900,5817968,TRUE,TRUE,Spanish
世界の屁こき隊 (hekokitaiworld),249689115,201720,3164,1237,10729,9589,2562651,TRUE,FALSE,Japanese
DuelLinksMeta,249594675,73230,7916,3408,117413,36174,16673337,TRUE,FALSE,English
nanfps1,249453975,183435,4817,1359,108930,86954,4552998,TRUE,FALSE,Portuguese
xntentacion,249387780,57600,56777,4329,271043,266658,7160612,TRUE,FALSE,Polish
Pace22,249198135,159150,8863,1565,216101,78955,3649142,TRUE,TRUE,English
Cizzorz,248341530,71370,12092,3479,2041043,315938,5131633,TRUE,FALSE,English
소행성612 (01bd02),248246520,81630,6736,3041,70997,70996,5776345,TRUE,FALSE,Korean
julien,247480005,82350,15150,3005,636939,175259,4087988,TRUE,FALSE,English
CuteDog_,247272060,209100,4803,1182,126958,18501,3528399,TRUE,TRUE,English
ESL_CSGOb,246810930,50895,66689,4849,701466,135325,9841737,TRUE,FALSE,English
KarasMai,246292575,131880,5457,1867,373576,146669,5489910,TRUE,TRUE,English
NiteNightKid,246222465,128805,16467,1911,36470,9959,2272788,TRUE,TRUE,English
PurpleBixi,246160935,51675,28682,4763,191701,149425,7960540,TRUE,FALSE,Turkish
Mibrtv,245978055,10935,118007,22494,372550,122068,5658176,TRUE,FALSE,Portuguese
UNLOSTV,245506290,21495,109328,11421,1924512,298097,12105009,TRUE,FALSE,Turkish
RTGame,245225865,48975,20354,5007,1015371,209823,8163136,TRUE,FALSE,English
yeTz,245167155,126165,26293,1943,877388,53261,7548053,TRUE,FALSE,Portuguese
dafran,245047050,43815,20849,5592,682643,85859,4946755,TRUE,FALSE,English
Silithur,244765530,107415,38176,2278,455464,372336,9010012,TRUE,FALSE,Spanish
pgod,244730355,57795,18398,4234,597435,532116,10295543,TRUE,TRUE,Spanish
Bawkbasoup,244503120,137040,23018,1784,118825,28670,3191361,TRUE,TRUE,English
Alderiate,244003035,60315,12799,4045,373783,68999,7260212,TRUE,FALSE,French
kutcherlol,243636285,157950,8851,1542,247174,56639,7224742,TRUE,FALSE,German
DanucD,242426790,136995,4351,1769,642454,120264,10151158,TRUE,FALSE,English
yamatonjp,242206260,131940,8212,1835,195046,33818,9678230,TRUE,FALSE,Japanese
blanchitooo,242091735,106995,25098,2262,511554,453507,9462221,TRUE,FALSE,Spanish
okyyy,241556160,37935,76741,6367,636903,470710,6754510,TRUE,FALSE,Spanish
Crocodyle_lol,241527120,94905,7363,2544,169375,81937,6070181,TRUE,TRUE,French
Crown,241284630,5985,152397,40314,20970,19610,83563064,TRUE,FALSE,English
Subroza,241203555,70140,12938,3438,366763,343985,8897673,TRUE,FALSE,English
Beaulo,240790140,39795,54276,6050,930905,405632,4643548,TRUE,FALSE,English
Maya,240471540,44700,82362,5379,455138,266944,7594955,TRUE,FALSE,English
1DrakoNz,240008820,255015,27154,941,526146,211602,6955936,TRUE,TRUE,Portuguese
김뚜띠_ (kimdduddi),239850645,85965,8606,2790,174136,29713,4255270,TRUE,FALSE,Korean
ImSoFresh,239752710,163260,9298,1468,133900,27606,4259849,TRUE,FALSE,French
Spursito,239690925,36150,40653,6630,728105,588842,7024012,TRUE,FALSE,Spanish
HOLLYWOOD285,239585595,171330,6989,1398,173656,104469,1302236,TRUE,FALSE,Italian
rickyedit,239379450,100845,27229,2373,511038,408730,8853107,TRUE,TRUE,Spanish
ElSpreen,239223180,57255,26533,4178,952710,885969,7304432,TRUE,FALSE,Spanish
Tixinhadois,239189865,104250,16010,2294,322828,104842,5975947,TRUE,FALSE,Portuguese
_연두부_ (lovelyyeon),238231185,152415,4336,1563,157644,62470,8380305,TRUE,FALSE,Korean
Ko0416,238084335,193305,4629,1231,112918,2854,9184339,TRUE,TRUE,Chinese
P4wnyhof,237153900,174120,8625,1362,491222,5846,7529124,TRUE,FALSE,English
PokerStars247,236715135,520905,1129,454,119827,34278,2812840,FALSE,FALSE,English
개복어 (dogswellfish),235893360,164700,6170,1432,224961,13391,11656914,TRUE,FALSE,Korean
웁_게임방송 (alenenwooptv),235893165,177690,4237,1327,131263,7408,4656577,TRUE,FALSE,Korean
TROPS4,235512390,60675,28833,3881,36028,35116,28000202,TRUE,FALSE,German
Eret,235435605,43380,120470,5427,1047997,1042190,5643835,TRUE,FALSE,English
CrReaM,235358100,143010,14434,1645,172675,7338,2396301,TRUE,TRUE,English
SidneyEweka,235250115,112620,23612,2088,300928,221509,4216804,TRUE,FALSE,German
gafallen,234729900,32325,45023,7261,1231738,327372,11836368,TRUE,FALSE,Portuguese
Naowh,233990340,116100,8435,2015,162553,71760,6756845,TRUE,FALSE,English
HellYeahPlay,233602980,131580,3946,1775,169226,43338,7979792,TRUE,FALSE,Russian
Rammus53,233252565,59910,10813,3893,1162532,264770,8223581,TRUE,TRUE,Turkish
momoladinastia,232759965,42495,48982,5477,724473,438316,7281502,TRUE,TRUE,Spanish
Sweet_Anita,232176390,64665,33087,3590,1706944,840118,13233139,TRUE,TRUE,English
ElOjoNinja,232145220,88785,12786,2614,413071,171812,9421775,TRUE,FALSE,Spanish
Tyceno,231907665,28125,40407,8245,528578,343719,2720227,TRUE,TRUE,English
itmeJP,231836160,133035,25353,1742,365999,-4413,5033168,TRUE,FALSE,English
Pelegrino1993,231684585,137835,10337,1680,133213,63374,2990760,TRUE,FALSE,Portuguese
Dyrus,231522030,209160,9782,1106,1462285,-13432,5160453,TRUE,TRUE,English
Alliege,231492240,103695,36207,2232,631645,569528,9248317,TRUE,FALSE,Spanish
Abracadabra,231418305,111255,32294,2080,64180,58969,45780820,TRUE,FALSE,English
BULLSEYE,230941170,156045,16063,1479,126905,85790,10159977,TRUE,FALSE,Russian
JASONR,230431635,208320,33902,1106,811611,71441,7301346,TRUE,FALSE,English
Snip3down,229866990,119325,22992,1926,363402,214522,5601115,TRUE,TRUE,English
momonkunn,229557615,70485,38266,3256,723365,579014,9438469,TRUE,FALSE,Spanish
x6FlipiN,229266285,56655,21675,4046,369813,139122,11678562,TRUE,FALSE,Spanish
크캣66 (crazzyccat),229204815,183825,7958,1246,69898,41250,4635924,TRUE,FALSE,Korean
TheRunningManZ,228978930,101895,4515,2247,202598,63069,3124819,TRUE,FALSE,English
Rekkles,228960090,11610,61059,19720,937495,326453,10846575,TRUE,FALSE,English
WOKE,228934215,90360,67635,2533,130201,44245,4116062,TRUE,TRUE,English
Kubon_,228826650,160650,5230,1424,283139,20531,7301687,TRUE,FALSE,Polish
Limmy,228726390,105120,6575,2175,310273,133273,3393441,TRUE,TRUE,English
LVPes2,228582570,42045,35815,5436,267161,106040,17335459,TRUE,FALSE,Spanish
erobb221,228223785,98865,21637,2308,294215,70804,3121182,TRUE,FALSE,English
Moondye7,228036990,87990,22231,2591,315992,15138,5073390,TRUE,FALSE,German
Dekarldent,227867685,74985,6140,3038,64075,2421,2650638,TRUE,FALSE,German
大丸 (wtf_winds123),227821920,94065,11975,2421,276233,21797,10269089,TRUE,FALSE,Chinese
SparkofPhoenixTV,227174325,97140,27588,2338,597120,185409,5601485,TRUE,FALSE,German
Silky,227025270,103080,13718,2202,173825,141007,3096519,TRUE,TRUE,English
Cerbero_Podcast,226847325,41910,29314,5412,258777,105095,5609337,TRUE,FALSE,Italian
Pun1shers_TV,226796295,113115,5575,2005,108387,34962,4409054,TRUE,FALSE,Greek
Strippin,226721940,118320,7043,1916,300684,11203,3250328,TRUE,FALSE,English
WeAreTheVR,226718355,73815,20851,3071,474978,83689,10145335,TRUE,TRUE,Hungarian
biyin_,226671210,16230,174435,13966,1525097,1099049,11889579,TRUE,FALSE,Spanish
TopGamersAcademy,226656060,81060,43673,2796,341602,335768,9456667,TRUE,FALSE,Spanish
snoodyboo,226613895,128385,9383,1765,93534,40548,6119203,TRUE,FALSE,Spanish
VonDice,226506105,50190,21414,4512,122520,86678,3502696,FALSE,TRUE,English
AbdulHD,226289115,169680,11775,1333,282165,141571,2514009,TRUE,TRUE,English
lilsimsie,225663990,55800,23223,4044,430271,231215,4610699,TRUE,FALSE,English
무굴 (moogrr1211),225306675,199260,13982,1130,48395,12521,3999278,TRUE,FALSE,Korean
Kotton,225171150,76725,61987,2934,269186,37323,2826208,TRUE,TRUE,English
mokrivskyi,224749845,32685,29983,6876,429617,197517,12068645,FALSE,FALSE,Russian
BananaSlamJamma,224562585,133050,6547,1687,212384,50051,3739679,TRUE,TRUE,English
valorant_jpn,224322600,26085,41373,8599,88995,87942,7829697,TRUE,FALSE,Japanese
iinwafqht,224301945,65655,10157,3416,269885,197985,4092166,TRUE,FALSE,Arabic
Lacari,224027025,134730,16687,1662,227454,86962,3889795,TRUE,TRUE,English
XcaliburYe,223658670,168960,7971,1323,102599,58477,4327620,TRUE,FALSE,English
쉐리 (kss7749),223346925,91770,17034,2433,177201,11324,6475325,TRUE,FALSE,Korean
DumbDog,223075455,150525,14081,1481,188939,114710,4464421,TRUE,FALSE,English
Sologesang,222099840,149700,4888,1483,85075,33023,4859713,TRUE,FALSE,German
Hungrybox,221870775,107370,33666,2066,312312,122576,4522825,TRUE,FALSE,English
Simply,221597640,98700,29511,2245,194455,145804,4135967,TRUE,FALSE,English
Kalei,221488185,155925,7156,1420,390017,246337,5392318,TRUE,TRUE,English
SovietWomble,221134275,66240,11339,3338,1485658,163848,6443695,TRUE,TRUE,English
Xnapycz,220971885,97200,9641,2273,148504,62038,7515055,TRUE,TRUE,Czech
TheRealMarzaa,220537515,98850,13582,2231,791107,344733,4680022,TRUE,FALSE,Italian
FifaTargrean,220412115,141900,5538,1553,423653,33412,7727034,TRUE,FALSE,Thai
MrSavage,220375380,26055,42004,8458,2253008,905842,11606018,TRUE,FALSE,English
ovotz,220165965,207615,7207,1060,379437,362814,7760399,TRUE,FALSE,Portuguese
iamSometimes,220112220,103155,14833,2133,266006,101750,6428918,TRUE,FALSE,Thai
Alexclick,220083510,84855,28875,2593,147962,74680,3875217,TRUE,TRUE,French
xTheSolutionTV,219939165,98835,23906,2225,458976,157626,4615434,TRUE,FALSE,German
72hrs,219923550,97920,30702,2245,1059251,85722,6675100,TRUE,FALSE,English
StreamerHouse,219922905,523875,8964,419,628358,-1330,2598596,TRUE,FALSE,English
Rumathra,219411360,135720,19028,1616,539925,271089,8011569,TRUE,FALSE,German
TheViper,218990550,59715,9381,3667,174822,74462,5653890,TRUE,FALSE,English
H0llyLP,218935275,149790,6886,1461,175277,26602,3915360,TRUE,TRUE,German
재슥짱 (pikra10),218776950,122550,14259,1785,127406,59046,5210096,TRUE,FALSE,Korean
iateyourpie,218506770,174645,21783,1251,125550,2554,2433484,TRUE,FALSE,English
소우릎 (so_urf),218468010,162870,9266,1341,107952,21626,8452582,TRUE,FALSE,Korean
Tommey,218288310,169680,28206,1286,303487,172352,3966492,TRUE,FALSE,English
awesamdude,218191155,20925,199602,10427,1038445,1033799,5928061,TRUE,FALSE,English
Nattank,217105155,122475,11025,1772,105390,33178,6772076,TRUE,TRUE,Portuguese
Crowder,216571635,108150,26401,2002,260646,139016,4223482,TRUE,FALSE,English
Sloot,216299730,188505,11907,1147,212870,13691,7428110,TRUE,FALSE,English
Nokokopuffs,216271830,158850,10744,1361,204658,152565,4261614,TRUE,TRUE,English
GoldGlove,216129180,95745,46963,2257,1421034,-3738,20628027,TRUE,FALSE,English
Naguura,214918125,121500,9577,1768,256531,88736,10183745,TRUE,FALSE,English
Jacob4TV,214764705,52725,18476,4073,306664,302790,12423856,TRUE,FALSE,Polish
IFrostBolt,214630170,185760,11026,1155,261530,86995,3723984,TRUE,FALSE,English
AverageJonas,214475670,130170,14767,1647,408503,399186,8918281,TRUE,FALSE,English
Mylonzete,213986070,64155,11512,3335,380095,213768,6521196,TRUE,FALSE,Portuguese
GTAWiseGuy,213591360,91500,12441,2334,174066,118856,5683773,TRUE,TRUE,English
ClintStevens,213556545,27000,17085,7909,471318,118972,2665216,TRUE,FALSE,English
龜狗 (sweetcampercs),213537690,116595,7001,1831,197224,35909,7300339,TRUE,TRUE,Chinese
keanelol,213143325,103905,17779,2051,192333,38229,3137500,TRUE,FALSE,English
Fairlight_Excalibur,212243325,177810,19156,1193,397843,-13463,1644256,TRUE,FALSE,English
TaliaMar,211753560,81990,15083,2582,560110,412179,13849203,TRUE,FALSE,English
Freneh,211088790,77325,16789,2729,306081,218172,3603594,TRUE,FALSE,Italian
grafo,210905295,139275,8538,1514,491325,118666,6549968,TRUE,FALSE,Spanish
TheKAIRI78,210656955,55875,47081,3770,1139029,361158,4290661,TRUE,FALSE,French
UnknownxArmy,210645870,58890,16636,3576,1122161,472017,9934440,TRUE,FALSE,English
六希夫 (qttsix),210312135,156135,7049,1346,133854,18851,8283306,TRUE,FALSE,Chinese
ZEON,210245445,102090,14651,2059,996320,70344,10461395,TRUE,FALSE,Turkish
bebe872,210169185,211965,5383,991,125215,61368,3499681,TRUE,FALSE,English
WorldofWarships,209883480,52590,54598,3990,230878,86912,11988867,TRUE,FALSE,English
TinaKitten,209675685,29415,51449,7128,665395,641999,6842973,TRUE,FALSE,English
Crayator,209274720,103680,5717,2018,720729,192449,6193678,TRUE,FALSE,English
WagamamaTV,208835745,176250,6233,1184,316841,6722,3420886,TRUE,FALSE,English
xPandorya,208417275,56820,16604,3668,244700,54978,3629492,TRUE,TRUE,German
MiltonTPike1,208268100,99795,20097,2086,269158,73022,3340699,TRUE,FALSE,English
bmkibler,208011810,122235,22956,1701,477389,2297,4098333,TRUE,FALSE,English
Nikolarn,207821850,78480,27178,2648,436609,-19812,22142776,TRUE,FALSE,English
SwaggerSouls,207715860,52815,18157,3932,1407700,678719,6539145,TRUE,TRUE,English
adeptthebest,207438060,121995,11900,1700,432749,274617,8418586,TRUE,FALSE,English
Welyn,207409050,55440,61460,3741,797927,379244,4491392,TRUE,FALSE,English
chistor_,207045960,77055,9605,2686,106731,24981,6836562,TRUE,FALSE,Russian
Criken,206993310,100830,25207,2052,310468,30561,4694624,TRUE,TRUE,English
Gosu,206553420,59595,9584,3465,1914702,199904,8283814,TRUE,FALSE,English
中信兄弟官方頻道 (brothers_baseball),206162265,33915,50359,6078,78516,43311,9518716,TRUE,FALSE,Chinese
Aa9skillz,206084370,63090,25807,3266,624309,133390,6927930,TRUE,FALSE,English
PrimeLeague,206018175,44685,39813,4610,105797,55656,12675220,TRUE,FALSE,German
RRaenee,205391190,36375,22205,5646,232684,181502,5781627,TRUE,FALSE,Turkish
ROBN,204791370,154410,73664,1326,83772,46993,2310862,TRUE,FALSE,English
BTMC,204768390,147315,6497,1390,294505,122915,5535952,TRUE,TRUE,English
Paoloidolo,204682230,126930,11544,1612,407997,233076,6849578,TRUE,FALSE,Italian
Diables,204426960,95460,9135,2141,146645,134569,8646289,TRUE,FALSE,Polish
Sick_Nerd,204220095,104265,6278,1958,183414,19641,2683113,TRUE,FALSE,English
GD_Booya,204191070,108705,16134,1878,278210,257191,2976120,TRUE,FALSE,English
flamuu,203448765,116610,4818,1744,125543,13496,2987207,TRUE,TRUE,English
依渟 (et_1231),202391310,71820,12749,2818,118520,116726,8831595,TRUE,FALSE,Chinese
jbzzed,202084365,137490,19396,1469,307168,109723,5659968,TRUE,FALSE,French
bnans,201980310,86700,67212,2329,535672,250772,11483454,TRUE,FALSE,English
CapcomFighters,201726975,26655,70326,7568,368695,28042,26349169,TRUE,FALSE,English
bananabrea,201671190,136560,21572,1476,170189,106207,4603214,TRUE,TRUE,English
LightFuryLF,201617295,105225,10421,1916,69816,22851,5571359,TRUE,FALSE,Thai
jorbs,201600660,130080,5274,1549,96353,29046,1977271,TRUE,FALSE,English
Arab,201575730,178800,11157,1127,447571,315879,10171889,TRUE,TRUE,English
cellinrj,201464985,121170,10980,1662,299051,94016,4845484,TRUE,FALSE,Portuguese
Dota2ruhub2,201281190,61800,17228,3256,261950,32741,12011185,TRUE,FALSE,Russian
Shurjoka,201235470,113145,13571,1778,180945,95330,10445909,TRUE,TRUE,German
peVoR13,200698245,139755,4855,1436,200684,93085,5186297,TRUE,FALSE,Polish
Gingerliness,200491785,161625,40188,1240,129391,116143,3968404,TRUE,TRUE,English
duckmanzch,200218035,136995,14684,1461,158498,45147,9474072,TRUE,FALSE,Thai
StolenBR,199805880,120705,13040,1655,232633,153142,4770387,TRUE,FALSE,Portuguese
ZONY,199789215,119475,7802,1672,490659,263187,7609386,TRUE,FALSE,Polish
Rizzo,199699425,88320,33486,2261,611442,275701,5420384,TRUE,FALSE,English
ironmouse,199555065,47220,12666,4226,543539,475010,4956259,TRUE,TRUE,English
akagreenn,198619515,29535,41084,6724,217304,114960,4929753,TRUE,FALSE,Turkish
Ssaab,198517845,198765,14641,998,235867,77922,5341629,TRUE,FALSE,English
Manyrin,197813055,75015,10349,2636,476089,74526,8988813,TRUE,FALSE,Russian
SoyPan,197552490,137580,13884,1435,491523,220306,3770593,TRUE,FALSE,Spanish
Linkus7,196619685,120435,5644,1632,179202,86727,2587971,TRUE,FALSE,English
OhTofu,196384170,94425,5066,2079,148690,74159,2413915,TRUE,TRUE,English
FarfadoxVEVO,196160205,36165,52397,5424,661802,433928,4892205,TRUE,FALSE,Spanish
RebeuDeter,196050660,27345,23915,7169,393890,228164,4008823,TRUE,FALSE,French
StereOnline,195390060,227175,3165,860,352852,43462,2869794,TRUE,FALSE,Portuguese
hexy,195139545,75465,25585,2585,362267,34478,2633458,TRUE,FALSE,English
Milan926_,195018255,111495,18683,1749,622137,536477,9347681,TRUE,FALSE,Spanish
MissaSinfonia,194893965,6105,77612,31923,1827349,1408919,4340928,TRUE,FALSE,Spanish
코렛트 (collet11),194857200,143775,5363,1355,243413,35288,7072781,TRUE,FALSE,Korean
BigSpinCR,194676240,132255,15478,1471,274843,91179,5364023,TRUE,FALSE,German
dinablin,194669070,62580,29316,3110,391640,181351,14483306,TRUE,FALSE,Russian
貝莉莓 (beryl_lulu),194531145,86010,15901,2261,210705,64154,13577380,TRUE,FALSE,Chinese
MoCbka34,194483625,224775,4431,865,39593,25358,1397602,TRUE,FALSE,Russian
Hirona,194439780,111360,13417,1746,203480,82377,3789446,TRUE,TRUE,English
Herdyn,194059005,110880,11211,1750,642345,251318,9826285,TRUE,TRUE,Czech
JokerdTV,193226865,104565,38931,1847,199628,44011,5087921,TRUE,TRUE,English
nugiyen,193215540,176730,12324,1093,133059,14921,4021270,TRUE,FALSE,English
NAKOO_Fn,192725490,99810,35326,1930,479481,455736,10597782,TRUE,FALSE,Spanish
Complexity,192712815,22995,44249,8380,115665,41118,8168430,TRUE,FALSE,English
TheGuill84,192533775,90435,8608,2128,230653,103912,4975541,TRUE,FALSE,French
Rubini,192404670,131355,5354,1464,117483,25703,6386718,TRUE,TRUE,Portuguese
RenanSouzones,192013350,177810,4633,1079,227680,159906,6190091,TRUE,FALSE,Portuguese
qSnake,191981190,154155,4166,1245,212824,20084,4848423,TRUE,FALSE,Russian
MasterTay,191854755,126435,11169,1517,127442,12186,5770985,TRUE,TRUE,German
Heideltraut,191710050,117570,5461,1630,169846,19581,3626295,TRUE,TRUE,German
kragiee,191560215,128775,12941,1487,277323,27018,3961018,TRUE,FALSE,English
Patriota,191548965,86205,29435,2222,894880,352870,6321571,TRUE,FALSE,Portuguese
GENSYXA,191531415,41055,40832,4665,645924,377406,14760852,TRUE,TRUE,Russian
DougisRaw,191162430,175530,22641,1089,166646,67849,3308738,TRUE,TRUE,English
Lobanjicaa,191108685,91530,9671,2087,322096,175583,39924883,TRUE,TRUE,English
AyarBaffo,191091975,85965,12139,2222,372991,220298,5646072,TRUE,FALSE,Italian
Dendi,191071530,43500,10848,4392,798931,94064,7319062,TRUE,FALSE,English
TpaBoMaH,190974585,82410,11966,2317,238650,104542,8882058,TRUE,FALSE,Russian
Kennzy,190963245,155145,69371,1230,214650,196682,5536266,TRUE,FALSE,Portuguese
Killars,190618335,378720,26234,503,109226,65995,1736290,TRUE,FALSE,English
superjj102,190605135,133065,4921,1432,126410,4417,1873899,TRUE,FALSE,English
csgomc_ru2,190477110,83820,59119,2272,229673,120162,12347784,TRUE,FALSE,Russian
Lapi,190443780,172215,8211,1105,146783,19827,7281250,TRUE,FALSE,French
Anna_Chess,189808365,65475,18222,2898,253293,229042,26159930,TRUE,FALSE,English
ipav999,189766290,261105,4479,726,196068,64823,4225545,TRUE,FALSE,English
HAchubby,189519915,79335,10552,2388,280194,81616,4547360,TRUE,FALSE,English
jccaylen,189332115,41175,14826,4598,200051,150299,2554919,TRUE,TRUE,English
JOEYKAOTYK,188805000,161985,13650,1165,90333,37548,5439064,TRUE,FALSE,English
OfficialAndyPyro,188678475,205050,5286,920,261632,8936,8076946,TRUE,TRUE,Finnish
Mynthos,188611170,149220,6826,1263,60173,36018,3135965,TRUE,FALSE,French
Arteezy,188451795,9030,67543,20869,660911,77651,4900942,TRUE,TRUE,English
Weak3n,188031915,128760,4948,1460,208604,29851,7863442,TRUE,FALSE,English
StreamieBR,187705245,260250,3982,721,117226,55651,2769003,TRUE,FALSE,Portuguese
CaptainSparklez,187276575,77235,46631,2424,1876449,373266,5164694,TRUE,FALSE,English
ernesBarbeQ,187133970,80520,46431,2324,521382,398606,8908547,TRUE,FALSE,Spanish
iGeStarK,186506910,112590,13893,1656,400669,253319,7649119,TRUE,FALSE,Spanish
keiozin,186497775,58905,19626,3166,329772,229959,6707130,TRUE,FALSE,Portuguese
TrymacsKaktusKoenig,185871120,392415,10136,473,77959,72613,2854227,FALSE,FALSE,German
PatoPapao,185847150,91725,9675,2026,695469,58417,6757860,TRUE,FALSE,Portuguese
PainLivestream,185766555,100980,18706,1839,526292,101274,3538959,TRUE,TRUE,German
OkCode,185711700,113310,9839,1638,101561,95258,3278633,TRUE,FALSE,English
xHankyy,185675415,125445,19326,1480,247922,164692,4601874,TRUE,FALSE,German
mailand,185608575,80400,10052,2308,118775,36134,4769472,TRUE,TRUE,German
ZeROBADASS,185527980,38685,10752,4795,379556,209075,3910585,TRUE,FALSE,Portuguese
Incon,185193945,121695,17351,1521,211276,35334,2324722,TRUE,FALSE,English
Adal,185117445,59085,13131,3133,624060,475023,11133856,TRUE,FALSE,Turkish
Tourva,185026095,119430,17114,1549,328344,112928,13420608,TRUE,FALSE,English
Shisheyu_Mayamoto,184836495,108000,13364,1711,64447,31773,2422985,TRUE,FALSE,French
JEFFAOCS,184646340,218445,12631,845,223713,155214,4435574,TRUE,TRUE,Portuguese
KamoLRF,184419465,83625,18282,2205,747938,96161,5129511,TRUE,FALSE,German
Datto,184369710,67950,81815,2713,595064,83617,5736720,TRUE,TRUE,English
Mmorpg,184228185,173625,6609,1061,239889,10884,3218327,TRUE,FALSE,English
